,volume,market_cap,high,low,close,open,date
0,372409.224,372409.224,185.8,177.9,181.4,180.0,18-09-2021 17:00:00
1,372409.224,372409.224,185.8,177.9,181.4,180.0,18-09-2021 17:00:00
2,566767.069,566767.069,190.5,177.5,180.0,185.2,17-09-2021 17:00:00
3,566767.069,566767.069,190.5,177.5,180.0,185.2,17-09-2021 17:00:00
4,935286.231,935286.231,195.4,181.5,185.2,189.1,16-09-2021 17:00:00
5,745508.059,745508.059,192.1,179.6,189.0,183.0,15-09-2021 17:00:00
6,1091279.997,1091279.997,189.0,176.1,183.1,179.4,14-09-2021 17:00:00
7,1091279.997,1091279.997,189.0,176.1,183.1,179.4,14-09-2021 17:00:00
8,5437062.6741,5437062.6741,240.0,170.7,179.4,183.1,13-09-2021 17:00:00
9,5437062.6741,5437062.6741,240.0,170.7,179.4,183.1,13-09-2021 17:00:00
10,564714.696,564714.696,186.2,175.1,183.0,178.6,12-09-2021 17:00:00
11,564714.696,564714.696,186.2,175.1,183.0,178.6,12-09-2021 17:00:00
12,551963.071,551963.071,186.2,173.4,178.6,174.1,11-09-2021 17:00:00
13,551963.071,551963.071,186.2,173.4,178.6,174.1,11-09-2021 17:00:00
14,721100.842,721100.842,187.4,170.7,174.1,180.5,10-09-2021 17:00:00
15,721100.842,721100.842,187.4,170.7,174.1,180.5,10-09-2021 17:00:00
16,896655.718,896655.718,188.6,176.5,180.5,179.7,09-09-2021 17:00:00
17,896655.718,896655.718,188.6,176.5,180.5,179.7,09-09-2021 17:00:00
18,1419232.641,1419232.641,189.0,169.3,179.7,178.4,08-09-2021 17:00:00
19,1419232.641,1419232.641,189.0,169.3,179.7,178.4,08-09-2021 17:00:00
20,2026882.59263,2026882.59263,221.9,162.1,178.5,219.4,07-09-2021 17:00:00
21,2026882.59263,2026882.59263,221.9,162.1,178.5,219.4,07-09-2021 17:00:00
22,1001710.493,1001710.493,232.3,214.8,219.4,232.2,06-09-2021 17:00:00
23,1001710.493,1001710.493,232.3,214.8,219.4,232.2,06-09-2021 17:00:00
24,1007949.97992,1007949.97992,232.56,210.5,232.2,212.0,05-09-2021 17:00:00
25,1007949.97992,1007949.97992,232.56,210.5,232.2,212.0,05-09-2021 17:00:00
26,1448417.53392,1448417.53392,225.2,208.4,211.9,212.9,04-09-2021 17:00:00
27,1448417.53392,1448417.53392,225.2,208.4,211.9,212.9,04-09-2021 17:00:00
28,2071663.63126,2071663.63126,217.7,179.8,212.9,183.4,03-09-2021 17:00:00
29,2071663.63126,2071663.63126,217.7,179.8,212.9,183.4,03-09-2021 17:00:00
30,683639.85445,683639.85445,187.9,179.4,183.3,180.9,02-09-2021 17:00:00
31,683639.85445,683639.85445,187.9,179.4,183.3,180.9,02-09-2021 17:00:00
32,692302.294,692302.294,182.8,168.5,180.9,171.6,01-09-2021 17:00:00
33,553621.007,553621.007,175.4,165.6,171.5,167.4,31-08-2021 17:00:00
34,468119.396,468119.396,176.5,166.5,167.3,174.4,30-08-2021 17:00:00
35,547343.58554,547343.58554,182.6,173.1,174.3,175.7,29-08-2021 17:00:00
36,316185.26963,316185.26963,177.1,171.3,175.6,176.2,28-08-2021 17:00:00
37,456121.02531,456121.02531,176.35,165.0,176.2,167.7,27-08-2021 17:00:00
38,568905.75324,568905.75324,180.18,164.9,167.7,177.76,26-08-2021 17:00:00
39,617983.0803,617983.0803,179.0,169.06,177.75,173.39,25-08-2021 17:00:00
40,780692.69421,780692.69421,188.64,172.25,173.42,186.98,24-08-2021 17:00:00
41,877311.28336,877311.28336,191.94,183.61,187.01,185.85,23-08-2021 17:00:00
42,935874.98336,935874.98336,189.6,178.38,185.91,179.57,22-08-2021 17:00:00
43,644225.29965,644225.29965,184.48,176.52,179.63,183.59,21-08-2021 17:00:00
44,708140.15383,708140.15383,184.11,174.11,183.59,175.57,20-08-2021 17:00:00
45,682216.29479,682216.29479,175.82,162.66,175.59,166.64,19-08-2021 17:00:00
46,694819.54486,694819.54486,174.54,162.92,166.65,168.6,18-08-2021 17:00:00
47,781038.75082,781038.75082,184.38,168.01,168.61,177.96,17-08-2021 17:00:00
48,898330.4154,898330.4154,189.03,176.35,177.93,184.59,16-08-2021 17:00:00
49,948648.90733,948648.90733,186.55,175.18,184.6,182.78,15-08-2021 17:00:00
50,944596.30069,944596.30069,185.11,174.62,182.76,183.32,14-08-2021 17:00:00
51,944596.30069,944596.30069,185.11,174.62,182.76,183.32,14-08-2021 17:00:00
52,1122682.76822,1122682.76822,184.57,164.0,183.31,165.41,13-08-2021 17:00:00
53,1122682.76822,1122682.76822,184.57,164.0,183.31,165.41,13-08-2021 17:00:00
54,987267.21224,987267.21224,179.74,160.77,165.38,170.57,12-08-2021 17:00:00
55,987267.21224,987267.21224,179.74,160.77,165.38,170.57,12-08-2021 17:00:00
56,914647.0176,914647.0176,176.07,164.23,170.6,165.38,11-08-2021 17:00:00
57,914647.0176,914647.0176,176.07,164.23,170.6,165.38,11-08-2021 17:00:00
58,894686.73503,894686.73503,168.28,158.79,165.38,166.27,10-08-2021 17:00:00
59,894686.73503,894686.73503,168.28,158.79,165.38,166.27,10-08-2021 17:00:00
60,1165618.32076,1165618.32076,170.78,145.15,166.31,149.69,09-08-2021 17:00:00
61,1165618.32076,1165618.32076,170.78,145.15,166.31,149.69,09-08-2021 17:00:00
62,700140.23658,700140.23658,157.63,147.0,149.69,155.92,08-08-2021 17:00:00
63,700140.23658,700140.23658,157.63,147.0,149.69,155.92,08-08-2021 17:00:00
64,878574.53896,878574.53896,156.39,147.06,155.92,147.93,07-08-2021 17:00:00
65,685973.67511,685973.67511,150.9,141.73,147.95,143.51,06-08-2021 17:00:00
66,615027.38819,615027.38819,145.19,136.12,143.53,142.57,05-08-2021 17:00:00
67,486488.33119,486488.33119,144.5,135.54,142.57,138.49,04-08-2021 17:00:00
68,402821.08451,402821.08451,143.24,135.6,138.49,141.32,03-08-2021 17:00:00
69,419849.68249,419849.68249,145.93,138.76,141.35,140.31,02-08-2021 17:00:00
70,584699.77102,584699.77102,149.78,138.04,140.31,144.35,01-08-2021 17:00:00
71,584699.77102,584699.77102,149.78,138.04,140.31,144.35,01-08-2021 17:00:00
72,388737.61543,388737.61543,146.6,141.83,144.37,145.51,31-07-2021 17:00:00
73,605847.24082,605847.24082,145.88,135.86,145.51,141.44,30-07-2021 17:00:00
74,542641.00192,542641.00192,143.0,136.55,141.44,140.48,29-07-2021 17:00:00
75,542641.00192,542641.00192,143.0,136.55,141.44,140.48,29-07-2021 17:00:00
76,729936.12774,729936.12774,142.0,132.39,140.42,134.73,28-07-2021 17:00:00
77,607384.02252,607384.02252,135.12,127.27,134.74,131.06,27-07-2021 17:00:00
78,1052092.77379,1052092.77379,140.47,126.85,131.06,127.64,26-07-2021 17:00:00
79,392963.87036,392963.87036,127.99,123.51,127.68,126.0,25-07-2021 17:00:00
80,432891.78019,432891.78019,127.7,123.29,125.99,124.27,24-07-2021 17:00:00
81,404160.06952,404160.06952,124.78,117.02,124.24,120.69,23-07-2021 17:00:00
82,464759.47146,464759.47146,122.0,115.61,120.67,117.77,22-07-2021 17:00:00
83,682039.47283,682039.47283,119.24,105.05,117.74,107.31,21-07-2021 17:00:00
84,682039.47283,682039.47283,119.24,105.05,117.74,107.31,21-07-2021 17:00:00
85,766236.24738,766236.24738,115.09,103.83,107.29,113.14,20-07-2021 17:00:00
86,766236.24738,766236.24738,115.09,103.83,107.29,113.14,20-07-2021 17:00:00
87,493082.96266,493082.96266,120.75,111.82,113.13,119.16,19-07-2021 17:00:00
88,493082.96266,493082.96266,120.75,111.82,113.13,119.16,19-07-2021 17:00:00
89,430985.21457,430985.21457,124.05,116.23,119.17,120.0,18-07-2021 17:00:00
90,430985.21457,430985.21457,124.05,116.23,119.17,120.0,18-07-2021 17:00:00
91,425298.69428,425298.69428,122.92,117.68,119.95,120.66,17-07-2021 17:00:00
92,422183.01506,422183.01506,127.87,120.38,120.65,125.88,16-07-2021 17:00:00
93,494375.7243,494375.7243,133.13,121.93,125.86,131.06,15-07-2021 17:00:00
94,538916.43958,538916.43958,132.42,123.59,131.07,131.45,14-07-2021 17:00:00
95,454856.67168,454856.67168,134.61,129.35,131.44,133.32,13-07-2021 17:00:00
96,670917.62355,670917.62355,139.75,131.82,133.38,134.28,12-07-2021 17:00:00
97,324968.57149,324968.57149,136.48,132.08,134.28,133.99,11-07-2021 17:00:00
98,365844.86832,365844.86832,136.82,130.32,133.99,134.54,10-07-2021 17:00:00
99,527547.82163,527547.82163,135.85,126.0,134.58,132.11,09-07-2021 17:00:00
100,645442.57112,645442.57112,137.74,127.77,132.15,137.38,08-07-2021 17:00:00
101,520913.20131,520913.20131,142.93,136.87,137.41,138.86,07-07-2021 17:00:00
102,530800.52733,530800.52733,142.73,135.6,138.87,137.76,06-07-2021 17:00:00
103,561680.84949,561680.84949,145.03,133.84,137.71,144.96,05-07-2021 17:00:00
104,443949.92264,443949.92264,148.1,136.88,144.95,140.19,04-07-2021 17:00:00
105,467041.14947,467041.14947,138.97,130.6,136.85,137.01,02-07-2021 17:00:00
106,467041.14947,467041.14947,138.97,130.6,136.85,137.01,02-07-2021 17:00:00
107,539535.2997,539535.2997,144.31,133.99,137.02,144.31,01-07-2021 17:00:00
108,539535.2997,539535.2997,144.31,133.99,137.02,144.31,01-07-2021 17:00:00
109,629619.41847,629619.41847,146.94,136.01,144.26,144.23,30-06-2021 17:00:00
110,629619.41847,629619.41847,146.94,136.01,144.26,144.23,30-06-2021 17:00:00
111,898148.69711,898148.69711,149.18,137.24,144.2,137.68,29-06-2021 17:00:00
112,703645.47159,703645.47159,139.55,129.89,137.69,132.57,28-06-2021 17:00:00
113,703645.47159,703645.47159,139.55,129.89,137.69,132.57,28-06-2021 17:00:00
114,573388.24688,573388.24688,132.67,124.66,132.6,126.81,27-06-2021 17:00:00
115,871924.09227,871924.09227,129.44,118.67,126.89,125.03,26-06-2021 17:00:00
116,764515.33892,764515.33892,138.45,124.31,125.0,134.59,25-06-2021 17:00:00
117,660335.54019,660335.54019,137.36,123.71,134.58,129.13,24-06-2021 17:00:00
118,1020444.64312,1020444.64312,133.75,115.49,129.1,119.69,23-06-2021 17:00:00
119,2255757.11457,2255757.11457,133.03,104.92,119.64,124.38,22-06-2021 17:00:00
120,2255757.11457,2255757.11457,133.03,104.92,119.64,124.38,22-06-2021 17:00:00
121,1492819.3793,1492819.3793,155.5,123.91,124.46,154.87,21-06-2021 17:00:00
122,1492819.3793,1492819.3793,155.5,123.91,124.46,154.87,21-06-2021 17:00:00
123,611253.37603,611253.37603,156.18,143.75,154.88,152.51,20-06-2021 17:00:00
124,523073.02283,523073.02283,160.88,152.31,152.49,156.33,19-06-2021 17:00:00
125,800699.30384,800699.30384,167.43,151.2,156.34,167.13,18-06-2021 17:00:00
126,559434.62367,559434.62367,173.4,162.81,167.08,166.56,17-06-2021 17:00:00
127,761479.45263,761479.45263,177.31,164.23,166.57,175.16,16-06-2021 17:00:00
128,761479.45263,761479.45263,177.31,164.23,166.57,175.16,16-06-2021 17:00:00
129,654352.05304,654352.05304,181.2,172.15,175.15,179.88,15-06-2021 17:00:00
130,802051.95645,802051.95645,179.99,166.34,179.89,170.85,14-06-2021 17:00:00
131,573493.90783,573493.90783,171.59,156.42,170.85,161.81,13-06-2021 17:00:00
132,653167.31003,653167.31003,164.3,154.14,161.8,162.84,12-06-2021 17:00:00
133,653167.31003,653167.31003,164.3,154.14,161.8,162.84,12-06-2021 17:00:00
134,928611.54446,928611.54446,173.78,160.55,162.83,168.18,11-06-2021 17:00:00
135,878866.63371,878866.63371,174.61,162.12,168.16,172.54,10-06-2021 17:00:00
136,1139739.36054,1139739.36054,173.3,152.31,172.56,160.64,09-06-2021 17:00:00
137,1417289.87647,1417289.87647,164.48,144.89,160.63,161.92,08-06-2021 17:00:00
138,1035822.82509,1035822.82509,182.22,160.25,161.95,176.42,07-06-2021 17:00:00
139,677386.36378,677386.36378,179.96,172.02,176.41,172.95,06-06-2021 17:00:00
140,846082.98073,846082.98073,185.49,167.32,172.94,178.46,05-06-2021 17:00:00
141,1130262.18071,1130262.18071,193.81,168.95,178.44,193.52,04-06-2021 17:00:00
142,1079806.82442,1079806.82442,197.78,181.95,193.5,187.18,03-06-2021 17:00:00
143,976844.03214,976844.03214,191.34,178.27,187.14,183.05,02-06-2021 17:00:00
144,1081241.44408,1081241.44408,193.16,175.82,182.99,188.01,01-06-2021 17:00:00
145,1242054.05369,1242054.05369,188.5,163.5,187.97,170.48,31-05-2021 17:00:00
146,1123365.50693,1123365.50693,181.1,155.11,170.51,164.04,30-05-2021 17:00:00
147,1554075.0432,1554075.0432,188.69,157.65,164.01,177.3,29-05-2021 17:00:00
148,2118247.13851,2118247.13851,198.88,165.5,177.33,194.31,28-05-2021 17:00:00
149,1457775.38448,1457775.38448,209.0,180.39,194.32,198.92,27-05-2021 17:00:00
150,1457775.38448,1457775.38448,209.0,180.39,194.32,198.92,27-05-2021 17:00:00
151,1540975.47323,1540975.47323,204.13,179.42,198.91,183.89,26-05-2021 17:00:00
152,1974384.43463,1974384.43463,194.61,167.15,183.76,185.32,25-05-2021 17:00:00
153,2491240.93285,2491240.93285,185.37,139.54,185.32,142.52,24-05-2021 17:00:00
154,3854006.12408,3854006.12408,176.26,118.03,142.39,169.3,23-05-2021 17:00:00
155,1983438.52337,1983438.52337,184.44,161.61,169.32,179.97,22-05-2021 17:00:00
156,2998819.79591,2998819.79591,219.12,156.56,179.97,210.66,21-05-2021 17:00:00
157,2998819.79591,2998819.79591,219.12,156.56,179.97,210.66,21-05-2021 17:00:00
158,4269465.92695,4269465.92695,225.0,166.45,210.74,186.31,20-05-2021 17:00:00
159,6731555.34383,6731555.34383,300.31,147.0,185.93,293.98,19-05-2021 17:00:00
160,6731555.34383,6731555.34383,300.31,147.0,185.93,293.98,19-05-2021 17:00:00
161,2558765.69804,2558765.69804,317.97,278.32,293.98,281.38,18-05-2021 17:00:00
162,2079261.84526,2079261.84526,296.34,261.27,281.53,295.89,17-05-2021 17:00:00
163,1693568.12752,1693568.12752,323.95,279.66,295.89,300.22,16-05-2021 17:00:00
164,1486176.50537,1486176.50537,332.0,296.17,300.3,326.24,15-05-2021 17:00:00
165,1482325.51445,1482325.51445,338.85,307.96,326.23,317.95,14-05-2021 17:00:00
166,2979065.55728,2979065.55728,332.73,291.0,317.95,310.4,13-05-2021 17:00:00
167,2537826.91562,2537826.91562,394.37,301.0,310.4,377.8,12-05-2021 17:00:00
168,2031121.35038,2031121.35038,379.72,345.0,377.6,358.93,11-05-2021 17:00:00
169,3830553.73813,3830553.73813,413.49,333.68,358.89,387.77,10-05-2021 17:00:00
170,2292100.05852,2292100.05852,389.0,333.51,387.8,347.17,09-05-2021 17:00:00
171,1327716.1907,1327716.1907,356.68,334.0,347.1,344.89,08-05-2021 17:00:00
172,2822668.46597,2822668.46597,374.5,333.33,344.89,354.52,07-05-2021 17:00:00
173,2752093.00755,2752093.00755,364.93,318.0,354.67,356.03,06-05-2021 17:00:00
174,3748897.98686,3748897.98686,360.0,300.52,356.04,305.24,05-05-2021 17:00:00
175,3939316.56899,3939316.56899,327.68,270.0,305.23,294.73,04-05-2021 17:00:00
176,1427253.57143,1427253.57143,299.72,268.44,294.87,268.83,03-05-2021 17:00:00
177,656429.21428,656429.21428,277.47,264.7,268.88,276.77,02-05-2021 17:00:00
178,759685.23196,759685.23196,278.58,265.9,276.78,271.14,01-05-2021 17:00:00
179,759685.23196,759685.23196,278.58,265.9,276.78,271.14,01-05-2021 17:00:00
180,1037748.69625,1037748.69625,273.58,252.61,271.13,255.31,30-04-2021 17:00:00
181,877558.7853,877558.7853,262.89,248.16,255.31,258.5,29-04-2021 17:00:00
182,1014038.43734,1014038.43734,266.94,247.58,258.51,259.77,28-04-2021 17:00:00
183,1014038.43734,1014038.43734,266.94,247.58,258.51,259.77,28-04-2021 17:00:00
184,1114182.69248,1114182.69248,263.15,243.63,259.77,247.4,27-04-2021 17:00:00
185,1114182.69248,1114182.69248,263.15,243.63,259.77,247.4,27-04-2021 17:00:00
186,1236470.27391,1236470.27391,248.2,221.24,247.42,223.9,26-04-2021 17:00:00
187,928460.2198,928460.2198,235.8,210.73,223.88,224.76,25-04-2021 17:00:00
188,1152968.01885,1152968.01885,241.41,220.34,224.75,241.31,24-04-2021 17:00:00
189,2866031.89172,2866031.89172,257.15,206.89,241.31,252.6,23-04-2021 17:00:00
190,2858792.51437,2858792.51437,289.61,239.0,252.5,257.63,22-04-2021 17:00:00
191,1841080.20554,1841080.20554,277.0,250.75,257.69,260.73,21-04-2021 17:00:00
192,2111225.32553,2111225.32553,272.8,234.31,260.68,261.47,20-04-2021 17:00:00
193,1973511.87573,1973511.87573,284.39,250.21,261.38,273.35,19-04-2021 17:00:00
194,3346589.56812,3346589.56812,304.83,231.1,273.36,300.87,18-04-2021 17:00:00
195,2574519.6355,2574519.6355,335.69,296.75,300.86,308.39,17-04-2021 17:00:00
196,3150447.99928,3150447.99928,317.09,265.5,308.43,285.64,16-04-2021 17:00:00
197,1409760.53776,1409760.53776,290.9,266.0,285.63,278.8,15-04-2021 17:00:00
198,1989435.79148,1989435.79148,283.0,255.0,278.86,267.61,14-04-2021 17:00:00
199,1931888.55344,1931888.55344,273.54,244.36,267.59,244.44,13-04-2021 17:00:00
200,1370860.1631,1370860.1631,259.94,240.01,244.42,252.35,12-04-2021 17:00:00
201,1890765.80129,1890765.80129,263.62,244.77,252.31,256.55,11-04-2021 17:00:00
202,1859281.88304,1859281.88304,257.0,219.16,256.34,221.13,10-04-2021 17:00:00
203,688918.8215,688918.8215,228.99,218.72,221.12,226.17,09-04-2021 17:00:00
204,1074942.89645,1074942.89645,228.21,216.89,226.11,219.22,08-04-2021 17:00:00
205,2263475.4652,2263475.4652,242.99,210.77,219.05,236.96,07-04-2021 17:00:00
206,2444849.53403,2444849.53403,244.59,212.97,237.04,221.48,06-04-2021 17:00:00
207,1329743.7613,1329743.7613,225.47,198.07,221.48,202.24,05-04-2021 17:00:00
208,565154.10714,565154.10714,204.92,192.22,202.21,195.17,04-04-2021 17:00:00
209,956126.60492,956126.60492,217.97,194.85,195.23,211.44,03-04-2021 17:00:00
210,956126.60492,956126.60492,217.97,194.85,195.23,211.44,03-04-2021 17:00:00
211,942970.73038,942970.73038,213.77,200.78,211.46,202.87,02-04-2021 17:00:00
212,876741.40869,876741.40869,205.0,194.0,202.86,196.69,01-04-2021 17:00:00
213,698229.63786,698229.63786,198.99,187.0,196.7,195.71,31-03-2021 17:00:00
214,932290.6498,932290.6498,200.09,190.34,195.74,193.73,30-03-2021 17:00:00
215,904774.30423,904774.30423,197.6,182.45,193.73,184.22,29-03-2021 17:00:00
216,380545.16211,380545.16211,187.29,180.0,184.24,184.06,28-03-2021 17:00:00
217,475886.83873,475886.83873,186.12,177.75,184.06,183.44,27-03-2021 17:00:00
218,721838.20194,721838.20194,183.82,171.44,183.45,171.53,26-03-2021 17:00:00
219,956666.86464,956666.86464,179.03,167.86,171.53,176.05,25-03-2021 17:00:00
220,1189902.97985,1189902.97985,197.17,172.0,176.05,185.82,24-03-2021 17:00:00
221,638849.27686,638849.27686,189.44,181.12,185.83,185.69,23-03-2021 17:00:00
222,725506.72916,725506.72916,199.0,184.42,185.67,195.33,22-03-2021 17:00:00
223,581731.80679,581731.80679,202.0,192.0,195.31,200.16,21-03-2021 17:00:00
224,473637.43878,473637.43878,206.1,198.82,200.17,199.96,20-03-2021 17:00:00
225,536877.41275,536877.41275,205.0,195.81,199.96,199.72,19-03-2021 17:00:00
226,536877.41275,536877.41275,205.0,195.81,199.96,199.72,19-03-2021 17:00:00
227,774419.42586,774419.42586,208.25,199.13,199.7,205.96,18-03-2021 17:00:00
228,885644.66746,885644.66746,206.94,194.13,205.98,201.61,17-03-2021 17:00:00
229,1063051.80222,1063051.80222,205.53,191.15,201.6,200.59,16-03-2021 17:00:00
230,1413381.72445,1413381.72445,222.58,197.56,200.59,214.0,15-03-2021 17:00:00
231,981380.1209,981380.1209,203.54,191.03,201.36,200.29,11-03-2021 17:00:00
232,1422079.58464,1422079.58464,208.0,191.47,200.29,203.8,10-03-2021 17:00:00
233,1485337.09208,1485337.09208,194.4,176.83,180.67,187.7,04-03-2021 17:00:00
234,1873295.01116,1873295.01116,196.49,176.79,187.64,179.06,03-03-2021 17:00:00
235,1441741.00235,1441741.00235,185.32,170.69,179.08,175.9,02-03-2021 17:00:00
236,1216268.49518,1216268.49518,176.46,163.3,175.89,165.27,01-03-2021 17:00:00
237,1682228.22219,1682228.22219,173.42,152.88,165.22,171.75,28-02-2021 17:00:00
238,2180233.25143,2180233.25143,182.86,162.74,170.25,179.36,26-02-2021 17:00:00
239,1961972.0422,1961972.0422,205.21,175.0,179.36,181.43,25-02-2021 17:00:00
240,1766938.56965,1766938.56965,158.68,141.03,145.07,155.94,04-02-2021 17:00:00
241,1820822.28924,1820822.28924,156.7,141.92,155.93,141.96,03-02-2021 17:00:00
242,1884558.49538,1884558.49538,145.82,131.87,141.98,131.99,02-02-2021 17:00:00
243,1167609.37029,1167609.37029,136.63,125.95,132.0,129.37,01-02-2021 17:00:00
244,917993.35191,917993.35191,135.06,125.67,129.36,133.35,31-01-2021 17:00:00
245,1240323.68178,1240323.68178,134.96,118.13,122.44,134.69,27-01-2021 17:00:00
246,1093141.08136,1093141.08136,139.76,127.85,134.67,137.07,26-01-2021 17:00:00
247,1380902.3935,1380902.3935,147.87,136.62,137.07,141.01,25-01-2021 17:00:00
248,917459.85058,917459.85058,142.65,133.73,141.01,137.66,24-01-2021 17:00:00
249,969988.56158,969988.56158,143.52,135.05,137.67,137.65,23-01-2021 17:00:00
250,1979078.0056,1979078.0056,141.85,122.7,137.66,129.7,22-01-2021 17:00:00
251,2114912.93172,2114912.93172,150.25,125.64,129.72,149.67,21-01-2021 17:00:00
252,2288798.47777,2288798.47777,166.02,150.18,151.86,151.97,19-01-2021 17:00:00
253,1644947.14813,1644947.14813,154.99,138.44,151.96,142.78,18-01-2021 17:00:00
254,1379082.3792,1379082.3792,147.0,136.22,142.8,143.52,17-01-2021 17:00:00
255,1784053.82975,1784053.82975,152.59,139.28,143.52,143.66,16-01-2021 17:00:00
256,2104225.5121,2104225.5121,155.74,130.0,143.65,152.46,15-01-2021 17:00:00
257,2033762.60027,2033762.60027,156.89,143.55,152.5,147.39,14-01-2021 17:00:00
258,2153426.27798,2153426.27798,148.46,125.9,147.38,133.44,13-01-2021 17:00:00
259,2825579.61257,2825579.61257,146.86,128.0,133.42,138.88,12-01-2021 17:00:00
260,4989528.65149,4989528.65149,170.74,112.7,138.87,170.06,11-01-2021 17:00:00
261,2269705.0446,2269705.0446,185.83,161.86,170.07,177.27,10-01-2021 17:00:00
262,1749781.84973,1749781.84973,178.8,163.3,177.26,172.28,09-01-2021 17:00:00
263,2843159.7034,2843159.7034,181.92,150.0,172.19,169.35,08-01-2021 17:00:00
264,2493533.9948,2493533.9948,181.22,161.18,169.35,168.96,07-01-2021 17:00:00
265,1857831.43166,1857831.43166,169.72,154.95,168.92,158.46,06-01-2021 17:00:00
266,1998205.92425,1998205.92425,162.8,146.52,158.43,155.33,05-01-2021 17:00:00
267,3530422.20392,3530422.20392,173.66,139.31,155.34,161.23,04-01-2021 17:00:00
268,3813834.07669,3813834.07669,164.7,135.3,161.24,136.94,03-01-2021 17:00:00
269,2442266.765,2442266.765,142.0,123.15,136.96,126.2,02-01-2021 17:00:00
270,1727676.641,1727676.641,133.11,122.63,130.05,128.8,30-12-2020 17:00:00
271,1732248.38409,1732248.38409,130.9,120.0,128.8,129.84,29-12-2020 17:00:00
272,2349842.95502,2349842.95502,137.41,126.37,129.83,127.83,28-12-2020 17:00:00
273,3743173.13001,3743173.13001,139.47,121.88,127.88,129.61,27-12-2020 17:00:00
274,3743173.13001,3743173.13001,139.47,121.88,127.88,129.61,27-12-2020 17:00:00
275,3461075.6473,3461075.6473,135.19,124.94,129.61,127.74,26-12-2020 17:00:00
276,3117913.94898,3117913.94898,128.63,108.18,127.78,111.13,25-12-2020 17:00:00
277,2696980.51697,2696980.51697,112.32,98.55,111.13,102.46,24-12-2020 17:00:00
278,3210319.32528,3210319.32528,114.63,98.35,114.32,104.48,22-12-2020 17:00:00
279,2599527.81365,2599527.81365,118.65,100.31,104.45,114.59,21-12-2020 17:00:00
280,2671305.32839,2671305.32839,123.21,109.76,114.58,119.85,20-12-2020 17:00:00
281,4161454.89253,4161454.89253,109.8,90.0,101.01,92.94,17-12-2020 17:00:00
282,2349124.19924,2349124.19924,93.44,78.31,92.94,81.36,16-12-2020 17:00:00
283,1348469.20889,1348469.20889,84.93,80.39,81.32,82.38,15-12-2020 17:00:00
284,1102081.73026,1102081.73026,82.98,79.11,82.35,82.27,14-12-2020 17:00:00
285,1278882.98328,1278882.98328,84.38,75.52,82.28,76.64,13-12-2020 17:00:00
286,872394.12884,872394.12884,77.58,71.97,76.67,72.2,12-12-2020 17:00:00
287,900570.5582,900570.5582,77.66,72.51,74.7,77.41,10-12-2020 17:00:00
288,1378314.59353,1378314.59353,78.14,72.13,77.41,76.75,09-12-2020 17:00:00
289,1230953.86975,1230953.86975,84.83,75.41,76.76,83.37,08-12-2020 17:00:00
290,1230953.86975,1230953.86975,84.83,75.41,76.76,83.37,08-12-2020 17:00:00
291,1145446.47407,1145446.47407,86.87,81.73,83.37,83.54,07-12-2020 17:00:00
292,921046.75996,921046.75996,85.19,80.31,83.55,83.11,06-12-2020 17:00:00
293,1278363.44579,1278363.44579,84.28,78.61,83.14,79.52,05-12-2020 17:00:00
294,1690248.45885,1690248.45885,91.5,85.46,89.0,88.89,03-12-2020 17:00:00
295,2135078.47937,2135078.47937,90.63,82.61,88.9,85.07,02-12-2020 17:00:00
296,3600461.26285,3600461.26285,93.01,79.56,85.08,87.66,01-12-2020 17:00:00
297,2118965.66781,2118965.66781,88.46,76.63,87.65,78.89,30-11-2020 17:00:00
298,2118965.66781,2118965.66781,88.46,76.63,87.65,78.89,30-11-2020 17:00:00
299,1483068.35897,1483068.35897,74.97,68.26,72.7,69.18,28-11-2020 17:00:00
300,1707521.50402,1707521.50402,73.5,65.3,69.15,70.99,27-11-2020 17:00:00
301,3435959.29518,3435959.29518,83.29,64.45,71.0,81.75,26-11-2020 17:00:00
302,1631940.24087,1631940.24087,90.76,78.05,81.75,89.27,25-11-2020 17:00:00
303,2621715.64303,2621715.64303,94.02,84.6,89.25,89.04,24-11-2020 17:00:00
304,2535636.06789,2535636.06789,90.93,80.8,89.03,82.87,23-11-2020 17:00:00
305,2521719.40828,2521719.40828,88.5,80.1,87.14,82.55,21-11-2020 17:00:00
306,2386175.15236,2386175.15236,85.63,79.99,82.53,81.54,20-11-2020 17:00:00
307,2773824.05583,2773824.05583,83.4,71.47,81.53,73.41,19-11-2020 17:00:00
308,2653342.04102,2653342.04102,77.13,67.77,73.42,76.32,18-11-2020 17:00:00
309,2653342.04102,2653342.04102,77.13,67.77,73.42,76.32,18-11-2020 17:00:00
310,2844994.89879,2844994.89879,77.0,71.36,76.32,73.83,17-11-2020 17:00:00
311,685249.75502,685249.75502,64.43,61.08,62.28,63.83,15-11-2020 17:00:00
312,824536.88147,824536.88147,60.53,57.8,59.27,57.94,11-11-2020 17:00:00
313,639990.21607,639990.21607,59.6,57.04,57.93,59.22,10-11-2020 17:00:00
314,997800.78526,997800.78526,61.86,57.37,59.23,61.0,09-11-2020 17:00:00
315,795875.09498,795875.09498,62.03,58.52,61.02,58.9,08-11-2020 17:00:00
316,1655539.62718,1655539.62718,64.77,57.0,58.9,63.22,07-11-2020 17:00:00
317,1735473.54314,1735473.54314,63.68,58.61,63.2,58.94,06-11-2020 17:00:00
318,801009.79133,801009.79133,55.24,51.59,54.67,53.96,04-11-2020 17:00:00
319,672320.16238,672320.16238,54.37,51.13,53.96,53.82,03-11-2020 17:00:00
320,700498.4928,700498.4928,56.84,53.01,53.8,55.6,02-11-2020 17:00:00
321,369373.81151,369373.81151,56.19,54.07,55.6,55.69,01-11-2020 17:00:00
322,593903.97546,593903.97546,56.5,53.6,55.72,54.02,31-10-2020 17:00:00
323,706074.89769,706074.89769,55.78,52.2,54.01,54.88,30-10-2020 17:00:00
324,1227549.68318,1227549.68318,60.55,54.71,55.77,57.9,28-10-2020 17:00:00
325,846694.24825,846694.24825,59.06,56.46,57.91,56.8,27-10-2020 17:00:00
326,937505.27029,937505.27029,59.31,54.94,56.82,58.83,26-10-2020 17:00:00
327,907068.98603,907068.98603,60.0,56.53,58.84,59.22,25-10-2020 17:00:00
328,1079055.89232,1079055.89232,57.0,53.02,55.42,54.35,23-10-2020 17:00:00
329,1405890.00408,1405890.00408,56.31,52.97,54.35,52.98,22-10-2020 17:00:00
330,1425655.0175,1425655.0175,55.0,46.85,52.98,46.88,21-10-2020 17:00:00
331,1425655.0175,1425655.0175,55.0,46.85,52.98,46.88,21-10-2020 17:00:00
332,399254.84677,399254.84677,48.46,46.36,46.88,47.99,20-10-2020 17:00:00
333,316808.83163,316808.83163,48.44,46.8,47.99,47.54,19-10-2020 17:00:00
334,164733.27305,164733.27305,47.98,46.78,47.54,46.92,18-10-2020 17:00:00
335,222964.85752,222964.85752,47.64,46.28,46.93,47.61,17-10-2020 17:00:00
336,603775.07786,603775.07786,49.84,45.6,47.6,49.52,16-10-2020 17:00:00
337,381873.31223,381873.31223,51.04,49.27,49.79,49.9,14-10-2020 17:00:00
338,468445.05222,468445.05222,50.71,48.8,49.89,50.58,13-10-2020 17:00:00
339,622150.70858,622150.70858,51.5,49.24,50.58,50.48,12-10-2020 17:00:00
340,393329.63182,393329.63182,51.27,48.66,50.48,48.89,11-10-2020 17:00:00
341,426163.73877,426163.73877,50.46,47.76,48.88,47.78,10-10-2020 17:00:00
342,412581.66491,412581.66491,47.5,45.45,47.21,46.56,08-10-2020 17:00:00
343,384596.71962,384596.71962,46.96,45.02,46.55,46.01,07-10-2020 17:00:00
344,650720.47185,650720.47185,48.25,45.52,45.99,46.35,06-10-2020 17:00:00
345,288147.27514,288147.27514,47.08,45.53,46.34,46.68,05-10-2020 17:00:00
346,257423.66188,257423.66188,47.07,45.28,46.69,45.5,04-10-2020 17:00:00
347,225825.74372,225825.74372,45.97,44.72,45.51,44.88,03-10-2020 17:00:00
348,518670.86558,518670.86558,46.97,43.19,44.88,46.25,02-10-2020 17:00:00
349,691422.81613,691422.81613,48.46,45.23,46.25,46.26,01-10-2020 17:00:00
350,314875.69765,314875.69765,45.85,44.95,45.69,45.23,29-09-2020 17:00:00
351,500347.34059,500347.34059,47.14,44.8,45.23,46.05,28-09-2020 17:00:00
352,299821.64354,299821.64354,46.62,44.56,46.05,46.01,27-09-2020 17:00:00
353,385922.04928,385922.04928,45.29,42.56,44.92,42.99,24-09-2020 17:00:00
354,334632.72915,334632.72915,44.79,42.75,44.47,43.17,22-09-2020 17:00:00
355,724381.66742,724381.66742,47.64,41.59,43.16,47.1,21-09-2020 17:00:00
356,309678.11312,309678.11312,48.51,46.15,47.09,48.51,20-09-2020 17:00:00
357,615374.46932,615374.46932,50.37,48.1,48.31,49.08,15-09-2020 17:00:00
358,493683.75375,493683.75375,49.65,47.11,49.08,48.17,14-09-2020 17:00:00
359,458828.41821,458828.41821,51.04,47.26,48.15,50.82,13-09-2020 17:00:00
360,760182.50564,760182.50564,49.35,45.98,47.47,48.85,08-09-2020 17:00:00
361,826692.56519,826692.56519,49.18,45.22,48.84,47.93,07-09-2020 17:00:00
362,653592.78694,653592.78694,49.25,46.28,47.92,47.82,06-09-2020 17:00:00
363,1476516.48212,1476516.48212,52.38,46.24,50.32,47.28,04-09-2020 17:00:00
364,1324245.74096,1324245.74096,58.62,45.33,47.28,58.07,03-09-2020 17:00:00
365,934006.30005,934006.30005,63.19,56.32,58.06,62.68,02-09-2020 17:00:00
366,972744.47944,972744.47944,64.31,59.69,62.69,60.94,01-09-2020 17:00:00
367,680146.78621,680146.78621,63.7,60.51,60.92,62.89,31-08-2020 17:00:00
368,839317.10194,839317.10194,62.95,56.93,62.89,56.95,30-08-2020 17:00:00
369,644522.18905,644522.18905,58.28,55.33,57.38,56.12,28-08-2020 17:00:00
370,975870.10827,975870.10827,59.24,53.91,56.1,58.11,27-08-2020 17:00:00
371,663386.26018,663386.26018,59.1,57.02,58.1,58.33,26-08-2020 17:00:00
372,1171220.25124,1171220.25124,62.29,56.6,58.34,62.03,25-08-2020 17:00:00
373,687323.05849,687323.05849,63.01,59.97,62.02,60.56,24-08-2020 17:00:00
374,629697.6774,629697.6774,61.63,58.01,60.55,60.21,23-08-2020 17:00:00
375,735637.16639,735637.16639,60.54,57.76,60.21,59.18,22-08-2020 17:00:00
376,867577.35764,867577.35764,63.68,61.0,62.8,62.08,20-08-2020 17:00:00
377,1699324.38729,1699324.38729,67.15,58.73,62.12,65.42,19-08-2020 17:00:00
378,1562910.41383,1562910.41383,68.37,63.37,65.4,67.22,18-08-2020 17:00:00
379,1790813.80276,1790813.80276,68.88,61.34,67.22,63.89,17-08-2020 17:00:00
380,1576897.59255,1576897.59255,64.6,57.8,63.87,59.85,16-08-2020 17:00:00
381,1137795.12262,1137795.12262,60.87,56.45,59.85,56.78,15-08-2020 17:00:00
382,728312.30047,728312.30047,57.85,55.82,56.78,57.14,14-08-2020 17:00:00
383,645092.49922,645092.49922,55.05,51.55,54.52,54.11,12-08-2020 17:00:00
384,887598.71928,887598.71928,59.67,52.37,54.1,58.27,11-08-2020 17:00:00
385,651148.79465,651148.79465,59.4,56.38,58.27,56.96,10-08-2020 17:00:00
386,22889.87274,22889.87274,58.59,58.12,58.4,58.46,09-08-2020 17:00:00
387,897911.44061,897911.44061,61.08,54.51,57.17,59.03,07-08-2020 17:00:00
388,822577.34534,822577.34534,60.68,57.69,59.03,58.88,06-08-2020 17:00:00
389,716365.47473,716365.47473,59.77,56.73,58.88,57.62,05-08-2020 17:00:00
390,625555.61417,625555.61417,59.62,56.26,57.61,58.51,04-08-2020 17:00:00
391,825040.86283,825040.86283,60.03,55.71,58.48,56.77,03-08-2020 17:00:00
392,1811190.59194,1811190.59194,65.17,51.79,56.77,61.65,02-08-2020 17:00:00
393,1209772.30685,1209772.30685,62.23,57.55,61.65,58.13,01-08-2020 17:00:00
394,656214.79104,656214.79104,59.26,55.78,58.13,56.73,31-07-2020 17:00:00
395,46089.0745,46089.0745,55.17,54.15,54.92,55.17,30-07-2020 17:00:00
396,1524796.93339,1524796.93339,57.92,51.65,55.75,53.29,28-07-2020 17:00:00
397,1501022.7139,1501022.7139,55.83,46.85,53.28,48.07,27-07-2020 17:00:00
398,895757.19561,895757.19561,50.79,47.49,48.1,49.16,26-07-2020 17:00:00
399,908436.85403,908436.85403,49.52,44.03,49.16,44.12,25-07-2020 17:00:00
400,246802.56871,246802.56871,44.96,43.93,44.11,44.93,24-07-2020 17:00:00
401,432494.11351,432494.11351,45.63,44.52,44.94,44.96,23-07-2020 17:00:00
402,335459.88539,335459.88539,45.12,43.2,44.96,43.77,22-07-2020 17:00:00
403,314440.37624,314440.37624,44.11,41.87,43.77,41.94,21-07-2020 17:00:00
404,180313.88112,180313.88112,42.79,41.37,41.94,42.65,20-07-2020 17:00:00
405,195427.40326,195427.40326,42.89,41.83,42.64,42.45,19-07-2020 17:00:00
406,2203.92831,2203.92831,42.02,41.8,42.01,41.88,18-07-2020 17:00:00
407,389747.37081,389747.37081,43.49,40.85,42.09,43.34,16-07-2020 17:00:00
408,216931.7592,216931.7592,44.06,42.81,43.33,43.88,15-07-2020 17:00:00
409,246958.9888,246958.9888,44.09,42.86,43.88,43.91,14-07-2020 17:00:00
410,445103.8423,445103.8423,45.59,42.31,43.92,44.72,13-07-2020 17:00:00
411,245471.12147,245471.12147,45.3,43.7,44.7,44.68,12-07-2020 17:00:00
412,186318.68972,186318.68972,44.77,43.85,44.69,44.32,11-07-2020 17:00:00
413,256685.44543,256685.44543,44.64,43.44,44.3,44.34,10-07-2020 17:00:00
414,413268.76529,413268.76529,45.87,43.57,44.33,45.35,09-07-2020 17:00:00
415,537390.40825,537390.40825,45.62,43.1,45.35,43.39,08-07-2020 17:00:00
416,307753.44376,307753.44376,44.49,43.06,43.39,44.07,07-07-2020 17:00:00
417,368489.71516,368489.71516,44.31,41.5,44.06,41.58,06-07-2020 17:00:00
418,235045.82858,235045.82858,42.2,40.75,41.58,42.11,05-07-2020 17:00:00
419,239298.32793,239298.32793,42.23,41.06,42.11,41.13,04-07-2020 17:00:00
420,190294.77564,190294.77564,41.7,40.89,41.14,41.03,03-07-2020 17:00:00
421,274520.05417,274520.05417,41.9,40.28,41.05,41.76,02-07-2020 17:00:00
422,189759.33668,189759.33668,42.01,40.96,41.77,41.16,01-07-2020 17:00:00
423,170712.36761,170712.36761,42.07,40.73,41.17,41.87,30-06-2020 17:00:00
424,323346.172,323346.172,42.29,40.59,41.87,41.37,29-06-2020 17:00:00
425,6732.33032,6732.33032,41.06,40.68,40.88,41.04,28-06-2020 17:00:00
426,348389.34208,348389.34208,43.6,41.37,43.09,42.34,26-06-2020 17:00:00
427,241972.00632,241972.00632,43.0,41.68,42.35,42.65,25-06-2020 17:00:00
428,357937.97223,357937.97223,44.69,42.1,42.65,44.18,24-06-2020 17:00:00
429,219437.96099,219437.96099,44.49,43.89,44.18,44.3,23-06-2020 17:00:00
430,281907.39739,281907.39739,44.67,42.94,44.3,43.0,22-06-2020 17:00:00
431,159632.6785,159632.6785,43.83,42.88,43.0,43.57,21-06-2020 17:00:00
432,202428.9463,202428.9463,43.85,42.21,43.57,42.89,20-06-2020 17:00:00
433,304810.97536,304810.97536,43.73,42.57,42.89,43.43,19-06-2020 17:00:00
434,193534.98938,193534.98938,44.23,42.88,43.43,44.07,18-06-2020 17:00:00
435,324893.86142,324893.86142,45.04,43.0,44.07,43.9,17-06-2020 17:00:00
436,215557.59073,215557.59073,44.22,43.33,43.88,43.73,16-06-2020 17:00:00
437,355287.54016,355287.54016,44.09,41.75,43.73,44.04,15-06-2020 17:00:00
438,170082.74029,170082.74029,45.11,43.53,44.05,45.09,14-06-2020 17:00:00
439,151582.80518,151582.80518,45.22,44.27,45.08,44.72,13-06-2020 17:00:00
440,236934.18593,236934.18593,45.36,42.81,44.72,43.22,12-06-2020 17:00:00
441,538636.15983,538636.15983,46.96,42.0,43.22,46.63,11-06-2020 17:00:00
442,319582.73016,319582.73016,47.19,45.65,46.63,45.89,10-06-2020 17:00:00
443,219681.6354,219681.6354,46.84,45.31,45.87,46.45,09-06-2020 17:00:00
444,220499.06993,220499.06993,46.79,45.95,46.43,46.6,08-06-2020 17:00:00
445,306262.54148,306262.54148,46.98,45.06,46.63,46.79,07-06-2020 17:00:00
446,226441.44764,226441.44764,47.24,46.07,46.79,46.8,06-06-2020 17:00:00
447,400925.03604,400925.03604,47.98,46.42,46.83,47.43,05-06-2020 17:00:00
448,471692.41566,471692.41566,48.1,46.15,47.43,47.15,04-06-2020 17:00:00
449,428190.82164,428190.82164,47.5,45.25,47.16,46.01,03-06-2020 17:00:00
450,920374.03122,920374.03122,49.96,44.0,45.99,48.26,02-06-2020 17:00:00
451,599583.67722,599583.67722,48.81,45.36,48.25,45.6,01-06-2020 17:00:00
452,494076.18673,494076.18673,47.84,45.07,45.61,47.72,31-05-2020 17:00:00
453,590070.5535,590070.5535,48.08,44.18,47.72,44.49,30-05-2020 17:00:00
454,298721.59314,298721.59314,45.29,44.17,44.47,44.77,29-05-2020 17:00:00
455,291358.47336,291358.47336,44.88,43.15,44.77,43.86,28-05-2020 17:00:00
456,282807.46234,282807.46234,44.05,42.22,43.85,42.26,27-05-2020 17:00:00
457,218690.04463,218690.04463,43.07,41.76,42.27,42.99,26-05-2020 17:00:00
458,250914.52741,250914.52741,43.32,41.72,42.97,42.08,25-05-2020 17:00:00
459,360333.24872,360333.24872,44.55,42.04,42.08,43.84,24-05-2020 17:00:00
460,237539.1384,237539.1384,44.74,43.67,43.85,44.22,23-05-2020 17:00:00
461,398405.53856,398405.53856,44.68,42.35,44.23,42.72,22-05-2020 17:00:00
462,504821.89137,504821.89137,44.62,41.66,42.73,44.24,21-05-2020 17:00:00
463,546255.006,546255.006,46.14,43.17,44.25,45.73,20-05-2020 17:00:00
464,375917.65225,375917.65225,45.8,44.07,45.73,45.33,19-05-2020 17:00:00
465,694361.60251,694361.60251,46.59,43.64,45.32,43.7,18-05-2020 17:00:00
466,344498.72506,344498.72506,44.49,43.1,43.71,43.25,17-05-2020 17:00:00
467,435940.40697,435940.40697,43.89,42.5,43.25,42.73,16-05-2020 17:00:00
468,468836.21013,468836.21013,44.14,41.82,42.74,43.99,15-05-2020 17:00:00
469,507436.34974,507436.34974,44.38,42.21,43.98,43.18,14-05-2020 17:00:00
470,404524.24723,404524.24723,43.74,41.94,43.18,42.18,13-05-2020 17:00:00
471,598291.63995,598291.63995,42.88,41.26,42.18,41.49,12-05-2020 17:00:00
472,955643.70805,955643.70805,42.9,39.37,41.51,42.05,11-05-2020 17:00:00
473,1404081.17548,1404081.17548,47.04,39.4,42.06,46.97,10-05-2020 17:00:00
474,656199.9985,656199.9985,49.1,46.75,46.95,47.7,09-05-2020 17:00:00
475,631882.81036,631882.81036,48.43,46.34,47.69,47.37,08-05-2020 17:00:00
476,796061.59933,796061.59933,48.22,44.37,47.37,44.92,07-05-2020 17:00:00
477,466241.72785,466241.72785,47.55,44.55,44.94,46.56,06-05-2020 17:00:00
478,415057.43762,415057.43762,47.76,45.71,46.54,46.97,05-05-2020 17:00:00
479,693367.01092,693367.01092,48.2,45.11,46.96,48.07,04-05-2020 17:00:00
480,566317.38081,566317.38081,50.02,46.61,48.05,49.2,03-05-2020 17:00:00
481,408979.14996,408979.14996,49.6,46.73,49.2,47.08,02-05-2020 17:00:00
482,499757.96625,499757.96625,48.27,46.3,47.07,46.33,01-05-2020 17:00:00
483,1404189.5332,1404189.5332,50.8,45.59,46.33,48.81,30-04-2020 17:00:00
484,1198086.90059,1198086.90059,49.91,45.64,48.81,45.69,29-04-2020 17:00:00
485,590012.52304,590012.52304,46.13,43.42,45.69,44.47,28-04-2020 17:00:00
486,443570.66029,443570.66029,45.23,43.16,44.46,44.54,27-04-2020 17:00:00
487,485605.15593,485605.15593,45.39,43.75,44.52,44.38,26-04-2020 17:00:00
488,555367.18724,555367.18724,45.58,43.84,44.38,44.52,25-04-2020 17:00:00
489,623877.17694,623877.17694,44.99,42.83,44.53,42.98,24-04-2020 17:00:00
490,639336.05312,639336.05312,43.91,40.94,42.98,41.81,23-04-2020 17:00:00
491,463111.32681,463111.32681,42.32,40.27,41.8,40.59,22-04-2020 17:00:00
492,346732.08492,346732.08492,41.34,40.01,40.59,40.21,21-04-2020 17:00:00
493,543840.05683,543840.05683,43.24,39.55,40.21,42.23,20-04-2020 17:00:00
494,456205.81252,456205.81252,44.3,41.54,42.23,44.16,19-04-2020 17:00:00
495,497104.94271,497104.94271,44.43,41.98,44.14,42.2,18-04-2020 17:00:00
496,407623.04587,407623.04587,43.01,41.61,42.19,42.52,17-04-2020 17:00:00
497,913086.97771,913086.97771,43.78,37.91,42.53,39.24,16-04-2020 17:00:00
498,460328.1631,460328.1631,41.75,39.08,39.22,41.19,15-04-2020 17:00:00
499,420837.68832,420837.68832,41.85,40.47,41.22,41.2,14-04-2020 17:00:00
500,382360.32132,382360.32132,43.16,41.43,42.54,42.28,11-04-2020 17:00:00
501,808081.85352,808081.85352,47.64,43.64,44.77,45.03,07-04-2020 17:00:00
502,721562.2858,721562.2858,45.09,40.28,45.04,40.31,06-04-2020 17:00:00
503,231112.9573,231112.9573,41.0,39.86,40.31,40.74,05-04-2020 17:00:00
504,362602.27624,362602.27624,41.16,39.86,40.71,40.49,04-04-2020 17:00:00
505,463368.1163,463368.1163,41.26,39.64,40.46,39.88,03-04-2020 17:00:00
506,701573.76921,701573.76921,42.92,39.0,39.86,39.23,02-04-2020 17:00:00
507,489850.01556,489850.01556,39.5,37.14,39.23,39.07,01-04-2020 17:00:00
508,378426.95789,378426.95789,39.32,38.33,39.08,38.93,31-03-2020 17:00:00
509,577448.88856,577448.88856,41.04,38.09,39.17,40.56,26-03-2020 04:01:49
510,859942.52611,859942.52611,39.99,34.57,38.94,35.42,23-03-2020 17:00:00
511,714342.7273,714342.7273,39.69,34.82,35.4,38.34,22-03-2020 17:00:00
512,1571300.60857,1571300.60857,43.69,34.05,38.08,38.9,20-03-2020 17:00:00
513,1044607.75726,1044607.75726,34.83,32.28,34.71,34.06,18-03-2020 17:00:00
514,1624714.37584,1624714.37584,36.41,29.29,33.2,36.37,16-03-2020 17:00:00
515,1181175.59196,1181175.59196,37.65,33.8,34.4,37.51,14-03-2020 17:00:00
516,2239777.98028,2239777.98028,48.76,28.65,29.83,48.52,12-03-2020 17:00:00
517,727732.90911,727732.90911,51.39,48.86,50.26,50.37,10-03-2020 17:00:00
518,1407845.14693,1407845.14693,52.27,46.57,49.96,51.02,09-03-2020 17:00:00
519,890606.5668,890606.5668,60.47,51.0,52.49,60.46,08-03-2020 17:00:00
520,444270.53508,444270.53508,63.89,59.86,60.46,63.21,07-03-2020 17:00:00
521,469519.29565,469519.29565,63.84,61.18,63.22,62.06,06-03-2020 17:00:00
522,424299.86211,424299.86211,61.78,58.71,60.38,61.02,04-03-2020 17:00:00
523,640940.77457,640940.77457,62.4,59.4,61.01,61.42,03-03-2020 17:00:00
524,660927.26176,660927.26176,62.32,57.25,61.42,57.72,02-03-2020 17:00:00
525,633924.91162,633924.91162,60.28,56.21,57.7,58.05,01-03-2020 17:00:00
526,507036.86245,507036.86245,61.65,57.84,58.05,59.88,29-02-2020 17:00:00
527,1070641.27708,1070641.27708,63.39,56.56,59.89,61.76,28-02-2020 17:00:00
528,1110493.93153,1110493.93153,65.1,57.15,61.77,60.53,27-02-2020 17:00:00
529,1523364.69178,1523364.69178,72.15,57.41,60.53,70.98,26-02-2020 17:00:00
530,778054.96678,778054.96678,76.08,69.54,70.98,75.57,25-02-2020 17:00:00
531,936157.25919,936157.25919,79.76,71.71,75.59,79.52,24-02-2020 17:00:00
532,666132.69507,666132.69507,80.0,74.66,79.52,74.8,23-02-2020 17:00:00
533,651449.78648,651449.78648,76.79,72.32,74.79,73.25,22-02-2020 17:00:00
534,627123.84133,627123.84133,75.25,68.56,73.25,69.38,21-02-2020 17:00:00
535,731293.24627,731293.24627,72.43,66.1,69.4,70.61,20-02-2020 17:00:00
536,544027.83444,544027.83444,79.45,67.0,70.61,77.25,19-02-2020 17:00:00
537,713680.23162,713680.23162,79.09,70.0,77.25,73.44,18-02-2020 17:00:00
538,738054.46975,738054.46975,75.5,68.51,73.41,74.66,17-02-2020 17:00:00
539,998173.25658,998173.25658,80.77,67.85,74.67,76.74,16-02-2020 17:00:00
540,704650.11923,704650.11923,83.5,75.04,76.7,83.14,15-02-2020 17:00:00
541,523491.69506,523491.69506,83.79,78.61,83.14,80.55,14-02-2020 17:00:00
542,1051054.7479,1051054.7479,84.32,77.15,80.55,81.2,13-02-2020 17:00:00
543,771544.88292,771544.88292,82.81,76.44,81.17,76.45,12-02-2020 17:00:00
544,557017.26862,557017.26862,77.4,72.64,76.46,73.98,11-02-2020 17:00:00
545,709830.62871,709830.62871,77.48,72.21,74.02,76.99,10-02-2020 17:00:00
546,475670.64062,475670.64062,78.43,75.0,77.0,76.56,09-02-2020 17:00:00
547,647821.60398,647821.60398,77.94,71.53,76.56,74.31,08-02-2020 17:00:00
548,542489.66181,542489.66181,75.48,72.85,74.3,73.59,07-02-2020 17:00:00
549,715147.76142,715147.76142,75.08,70.91,73.6,72.59,06-02-2020 17:00:00
550,646729.48877,646729.48877,73.47,67.62,72.59,68.04,05-02-2020 17:00:00
551,487054.42541,487054.42541,70.5,66.62,68.07,69.65,04-02-2020 17:00:00
552,689182.24855,689182.24855,73.0,68.45,69.65,69.93,03-02-2020 17:00:00
553,818385.89212,818385.89212,73.5,67.66,69.93,70.72,02-02-2020 17:00:00
554,952836.8964,952836.8964,73.0,67.62,70.72,68.02,01-02-2020 17:00:00
555,938256.78346,938256.78346,70.1,65.37,68.0,68.0,31-01-2020 17:00:00
556,1286322.99676,1286322.99676,70.22,58.24,67.98,59.81,30-01-2020 17:00:00
557,570079.36355,570079.36355,62.56,59.4,59.8,60.54,29-01-2020 17:00:00
558,720540.74548,720540.74548,61.61,57.28,60.52,58.55,28-01-2020 17:00:00
559,504725.67707,504725.67707,59.65,55.87,58.55,56.29,27-01-2020 17:00:00
560,348355.26494,348355.26494,56.68,52.8,56.24,53.26,26-01-2020 17:00:00
561,282004.92676,282004.92676,54.41,51.9,53.25,54.41,25-01-2020 17:00:00
562,550746.21423,550746.21423,55.41,50.64,54.38,54.52,24-01-2020 17:00:00
563,464982.43026,464982.43026,58.4,52.42,54.52,58.33,23-01-2020 17:00:00
564,218658.95477,218658.95477,59.33,57.18,58.33,57.6,22-01-2020 17:00:00
565,216543.72376,216543.72376,58.09,55.91,57.57,57.19,21-01-2020 17:00:00
566,262316.67258,262316.67258,58.29,55.84,57.19,57.59,20-01-2020 17:00:00
567,530916.40859,530916.40859,62.55,55.34,57.6,59.29,19-01-2020 17:00:00
568,498603.84903,498603.84903,62.5,57.9,59.32,61.05,18-01-2020 17:00:00
569,767514.50323,767514.50323,63.26,56.72,61.02,57.56,17-01-2020 17:00:00
570,477991.20162,477991.20162,58.5,54.5,57.56,58.17,16-01-2020 17:00:00
571,720369.64189,720369.64189,60.33,55.28,58.16,58.37,15-01-2020 17:00:00
572,1232536.35364,1232536.35364,60.8,49.58,58.39,49.59,14-01-2020 17:00:00
573,382092.95573,382092.95573,51.6,48.91,49.6,51.44,13-01-2020 17:00:00
574,533583.45808,533583.45808,51.75,48.78,51.43,49.32,12-01-2020 17:00:00
575,681984.46652,681984.46652,51.95,47.77,49.3,49.06,11-01-2020 17:00:00
576,729803.12291,729803.12291,49.72,43.71,49.06,44.75,10-01-2020 17:00:00
577,296221.65692,296221.65692,45.79,43.9,44.74,45.35,09-01-2020 17:00:00
578,628050.68438,628050.68438,48.54,44.0,45.35,46.3,08-01-2020 17:00:00
579,493847.10532,493847.10532,47.03,44.48,46.3,45.8,07-01-2020 17:00:00
580,384930.9909,384930.9909,46.08,43.16,45.8,43.29,06-01-2020 17:00:00
581,291964.84958,291964.84958,44.61,42.6,43.3,42.79,05-01-2020 17:00:00
582,248814.62818,248814.62818,42.9,41.77,42.78,42.23,04-01-2020 17:00:00
583,426771.00676,426771.00676,42.39,38.77,42.23,39.44,03-01-2020 17:00:00
584,194486.2157,194486.2157,41.74,39.17,39.43,41.58,02-01-2020 17:00:00
585,110044.87445,110044.87445,42.08,41.16,41.62,41.29,01-01-2020 17:00:00
