,volume,market_cap,high,low,close,open,date,log_diff,target
0,372409.224,372409.224,185.8,177.9,181.4,180.0,18-09-2021 17:00:00,0.007747686790826158,1
1,372409.224,372409.224,185.8,177.9,181.4,180.0,18-09-2021 17:00:00,0.007747686790826158,1
2,566767.069,566767.069,190.5,177.5,180.0,185.2,17-09-2021 17:00:00,-0.028479471321868566,0
3,566767.069,566767.069,190.5,177.5,180.0,185.2,17-09-2021 17:00:00,-0.028479471321868566,0
4,935286.231,935286.231,195.4,181.5,185.2,189.1,16-09-2021 17:00:00,-0.02083965345233274,0
5,745508.059,745508.059,192.1,179.6,189.0,183.0,15-09-2021 17:00:00,0.03226086221822122,1
6,1091279.997,1091279.997,189.0,176.1,183.1,179.4,14-09-2021 17:00:00,0.020414502055769113,1
7,1091279.997,1091279.997,189.0,176.1,183.1,179.4,14-09-2021 17:00:00,0.020414502055769113,1
8,5437062.6741,5437062.6741,240.0,170.7,179.4,183.1,13-09-2021 17:00:00,-0.020414502055769113,0
9,5437062.6741,5437062.6741,240.0,170.7,179.4,183.1,13-09-2021 17:00:00,-0.020414502055769113,0
10,564714.696,564714.696,186.2,175.1,183.0,178.6,12-09-2021 17:00:00,0.02433748439902228,1
11,564714.696,564714.696,186.2,175.1,183.0,178.6,12-09-2021 17:00:00,0.02433748439902228,1
12,551963.071,551963.071,186.2,173.4,178.6,174.1,11-09-2021 17:00:00,0.02551882166825603,1
13,551963.071,551963.071,186.2,173.4,178.6,174.1,11-09-2021 17:00:00,0.02551882166825603,1
14,721100.842,721100.842,187.4,170.7,174.1,180.5,10-09-2021 17:00:00,-0.03610093099879297,0
15,721100.842,721100.842,187.4,170.7,174.1,180.5,10-09-2021 17:00:00,-0.03610093099879297,0
16,896655.718,896655.718,188.6,176.5,180.5,179.7,09-09-2021 17:00:00,0.004441983983422659,1
17,896655.718,896655.718,188.6,176.5,180.5,179.7,09-09-2021 17:00:00,0.004441983983422659,1
18,1419232.641,1419232.641,189.0,169.3,179.7,178.4,08-09-2021 17:00:00,0.007260573643604218,1
19,1419232.641,1419232.641,189.0,169.3,179.7,178.4,08-09-2021 17:00:00,0.007260573643604218,1
20,2026882.59263,2026882.59263,221.9,162.1,178.5,219.4,07-09-2021 17:00:00,-0.20630794662143614,0
21,2026882.59263,2026882.59263,221.9,162.1,178.5,219.4,07-09-2021 17:00:00,-0.20630794662143614,0
22,1001710.493,1001710.493,232.3,214.8,219.4,232.2,06-09-2021 17:00:00,-0.05670252142266197,0
23,1001710.493,1001710.493,232.3,214.8,219.4,232.2,06-09-2021 17:00:00,-0.05670252142266197,0
24,1007949.97992,1007949.97992,232.56,210.5,232.2,212.0,05-09-2021 17:00:00,0.09101279459177913,1
25,1007949.97992,1007949.97992,232.56,210.5,232.2,212.0,05-09-2021 17:00:00,0.09101279459177913,1
26,1448417.53392,1448417.53392,225.2,208.4,211.9,212.9,04-09-2021 17:00:00,-0.004708106625180619,0
27,1448417.53392,1448417.53392,225.2,208.4,211.9,212.9,04-09-2021 17:00:00,-0.004708106625180619,0
28,2071663.63126,2071663.63126,217.7,179.8,212.9,183.4,03-09-2021 17:00:00,0.1491530120770701,1
29,2071663.63126,2071663.63126,217.7,179.8,212.9,183.4,03-09-2021 17:00:00,0.1491530120770701,1
30,683639.85445,683639.85445,187.9,179.4,183.3,180.9,02-09-2021 17:00:00,0.013179762444409882,1
31,683639.85445,683639.85445,187.9,179.4,183.3,180.9,02-09-2021 17:00:00,0.013179762444409882,1
32,692302.294,692302.294,182.8,168.5,180.9,171.6,01-09-2021 17:00:00,0.052778205347387974,1
33,553621.007,553621.007,175.4,165.6,171.5,167.4,31-08-2021 17:00:00,0.024197108550620072,1
34,468119.396,468119.396,176.5,166.5,167.3,174.4,30-08-2021 17:00:00,-0.041562903482100566,0
35,547343.58554,547343.58554,182.6,173.1,174.3,175.7,29-08-2021 17:00:00,-0.008000042667076102,0
36,316185.26963,316185.26963,177.1,171.3,175.6,176.2,28-08-2021 17:00:00,-0.0034110323010629884,0
37,456121.02531,456121.02531,176.35,165.0,176.2,167.7,27-08-2021 17:00:00,0.04944304467291616,1
38,568905.75324,568905.75324,180.18,164.9,167.7,177.76,26-08-2021 17:00:00,-0.05825765706215691,0
39,617983.0803,617983.0803,179.0,169.06,177.75,173.39,25-08-2021 17:00:00,0.02483467612676815,1
40,780692.69421,780692.69421,188.64,172.25,173.42,186.98,24-08-2021 17:00:00,-0.07528526131415525,0
41,877311.28336,877311.28336,191.94,183.61,187.01,185.85,23-08-2021 17:00:00,0.006222194617367727,1
42,935874.98336,935874.98336,189.6,178.38,185.91,179.57,22-08-2021 17:00:00,0.03469758158831926,1
43,644225.29965,644225.29965,184.48,176.52,179.63,183.59,21-08-2021 17:00:00,-0.02180583069137043,0
44,708140.15383,708140.15383,184.11,174.11,183.59,175.57,20-08-2021 17:00:00,0.04466718669099734,1
45,682216.29479,682216.29479,175.82,162.66,175.59,166.64,19-08-2021 17:00:00,0.052315935018522275,1
46,694819.54486,694819.54486,174.54,162.92,166.65,168.6,18-08-2021 17:00:00,-0.011633240814005852,0
47,781038.75082,781038.75082,184.38,168.01,168.61,177.96,17-08-2021 17:00:00,-0.05397045014795143,0
48,898330.4154,898330.4154,189.03,176.35,177.93,184.59,16-08-2021 17:00:00,-0.03674693490176306,0
49,948648.90733,948648.90733,186.55,175.18,184.6,182.78,15-08-2021 17:00:00,0.009908078224696304,1
50,944596.30069,944596.30069,185.11,174.62,182.76,183.32,14-08-2021 17:00:00,-0.00305944294585192,0
51,944596.30069,944596.30069,185.11,174.62,182.76,183.32,14-08-2021 17:00:00,-0.00305944294585192,0
52,1122682.76822,1122682.76822,184.57,164.0,183.31,165.41,13-08-2021 17:00:00,0.1027514684771429,1
53,1122682.76822,1122682.76822,184.57,164.0,183.31,165.41,13-08-2021 17:00:00,0.1027514684771429,1
54,987267.21224,987267.21224,179.74,160.77,165.38,170.57,12-08-2021 17:00:00,-0.030899913358760855,0
55,987267.21224,987267.21224,179.74,160.77,165.38,170.57,12-08-2021 17:00:00,-0.030899913358760855,0
56,914647.0176,914647.0176,176.07,164.23,170.6,165.38,11-08-2021 17:00:00,0.03107577876355805,1
57,914647.0176,914647.0176,176.07,164.23,170.6,165.38,11-08-2021 17:00:00,0.03107577876355805,1
58,894686.73503,894686.73503,168.28,158.79,165.38,166.27,10-08-2021 17:00:00,-0.0053671167582676205,0
59,894686.73503,894686.73503,168.28,158.79,165.38,166.27,10-08-2021 17:00:00,-0.0053671167582676205,0
60,1165618.32076,1165618.32076,170.78,145.15,166.31,149.69,09-08-2021 17:00:00,0.10528702775490473,1
61,1165618.32076,1165618.32076,170.78,145.15,166.31,149.69,09-08-2021 17:00:00,0.10528702775490473,1
62,700140.23658,700140.23658,157.63,147.0,149.69,155.92,08-08-2021 17:00:00,-0.040776566272160863,0
63,700140.23658,700140.23658,157.63,147.0,149.69,155.92,08-08-2021 17:00:00,-0.040776566272160863,0
64,878574.53896,878574.53896,156.39,147.06,155.92,147.93,07-08-2021 17:00:00,0.05260386629516045,1
65,685973.67511,685973.67511,150.9,141.73,147.95,143.51,06-08-2021 17:00:00,0.030469659663378224,1
66,615027.38819,615027.38819,145.19,136.12,143.53,142.57,05-08-2021 17:00:00,0.00671096541741889,1
67,486488.33119,486488.33119,144.5,135.54,142.57,138.49,04-08-2021 17:00:00,0.02903498631124357,1
68,402821.08451,402821.08451,143.24,135.6,138.49,141.32,03-08-2021 17:00:00,-0.02022870163631829,0
69,419849.68249,419849.68249,145.93,138.76,141.35,140.31,02-08-2021 17:00:00,0.007384823733694645,1
70,584699.77102,584699.77102,149.78,138.04,140.31,144.35,01-08-2021 17:00:00,-0.028386645703038837,0
71,584699.77102,584699.77102,149.78,138.04,140.31,144.35,01-08-2021 17:00:00,-0.028386645703038837,0
72,388737.61543,388737.61543,146.6,141.83,144.37,145.51,31-07-2021 17:00:00,-0.007865364130464236,0
73,605847.24082,605847.24082,145.88,135.86,145.51,141.44,30-07-2021 17:00:00,0.028369213882854183,1
74,542641.00192,542641.00192,143.0,136.55,141.44,140.48,29-07-2021 17:00:00,0.006810469002526354,1
75,542641.00192,542641.00192,143.0,136.55,141.44,140.48,29-07-2021 17:00:00,0.006810469002526354,1
76,729936.12774,729936.12774,142.0,132.39,140.42,134.73,28-07-2021 17:00:00,0.04136515582134681,1
77,607384.02252,607384.02252,135.12,127.27,134.74,131.06,27-07-2021 17:00:00,0.027691761921163405,1
78,1052092.77379,1052092.77379,140.47,126.85,131.06,127.64,26-07-2021 17:00:00,0.02644143220130779,1
79,392963.87036,392963.87036,127.99,123.51,127.68,126.0,25-07-2021 17:00:00,0.013245226750020933,1
80,432891.78019,432891.78019,127.7,123.29,125.99,124.27,24-07-2021 17:00:00,0.013745920904635334,1
81,404160.06952,404160.06952,124.78,117.02,124.24,120.69,23-07-2021 17:00:00,0.02898990421062475,1
82,464759.47146,464759.47146,122.0,115.61,120.67,117.77,22-07-2021 17:00:00,0.024325977232052765,1
83,682039.47283,682039.47283,119.24,105.05,117.74,107.31,21-07-2021 17:00:00,0.09275696166107927,1
84,682039.47283,682039.47283,119.24,105.05,117.74,107.31,21-07-2021 17:00:00,0.09275696166107927,1
85,766236.24738,766236.24738,115.09,103.83,107.29,113.14,20-07-2021 17:00:00,-0.053090541266354485,0
86,766236.24738,766236.24738,115.09,103.83,107.29,113.14,20-07-2021 17:00:00,-0.053090541266354485,0
87,493082.96266,493082.96266,120.75,111.82,113.13,119.16,19-07-2021 17:00:00,-0.05192952790670624,0
88,493082.96266,493082.96266,120.75,111.82,113.13,119.16,19-07-2021 17:00:00,-0.05192952790670624,0
89,430985.21457,430985.21457,124.05,116.23,119.17,120.0,18-07-2021 17:00:00,-0.006940697679331365,0
90,430985.21457,430985.21457,124.05,116.23,119.17,120.0,18-07-2021 17:00:00,-0.006940697679331365,0
91,425298.69428,425298.69428,122.92,117.68,119.95,120.66,17-07-2021 17:00:00,-0.0059016837269121325,0
92,422183.01506,422183.01506,127.87,120.38,120.65,125.88,16-07-2021 17:00:00,-0.042435280125165065,0
93,494375.7243,494375.7243,133.13,121.93,125.86,131.06,15-07-2021 17:00:00,-0.04048505551256287,0
94,538916.43958,538916.43958,132.42,123.59,131.07,131.45,14-07-2021 17:00:00,-0.0028950195444359395,0
95,454856.67168,454856.67168,134.61,129.35,131.44,133.32,13-07-2021 17:00:00,-0.014201779710526274,0
96,670917.62355,670917.62355,139.75,131.82,133.38,134.28,12-07-2021 17:00:00,-0.006724974907673875,0
97,324968.57149,324968.57149,136.48,132.08,134.28,133.99,11-07-2021 17:00:00,0.0021620018113175377,1
98,365844.86832,365844.86832,136.82,130.32,133.99,134.54,10-07-2021 17:00:00,-0.004096382296943091,0
99,527547.82163,527547.82163,135.85,126.0,134.58,132.11,09-07-2021 17:00:00,0.018523908869910066,1
100,645442.57112,645442.57112,137.74,127.77,132.15,137.38,08-07-2021 17:00:00,-0.038813167735437304,0
101,520913.20131,520913.20131,142.93,136.87,137.41,138.86,07-07-2021 17:00:00,-0.01049707398144406,0
102,530800.52733,530800.52733,142.73,135.6,138.87,137.76,06-07-2021 17:00:00,0.0080252030318686,1
103,561680.84949,561680.84949,145.03,133.84,137.71,144.96,05-07-2021 17:00:00,-0.05130781755563518,0
104,443949.92264,443949.92264,148.1,136.88,144.95,140.19,04-07-2021 17:00:00,0.03339020998722031,1
105,467041.14947,467041.14947,138.97,130.6,136.85,137.01,02-07-2021 17:00:00,-0.001168480378328951,0
106,467041.14947,467041.14947,138.97,130.6,136.85,137.01,02-07-2021 17:00:00,-0.001168480378328951,0
107,539535.2997,539535.2997,144.31,133.99,137.02,144.31,01-07-2021 17:00:00,-0.05183686287323308,0
108,539535.2997,539535.2997,144.31,133.99,137.02,144.31,01-07-2021 17:00:00,-0.05183686287323308,0
109,629619.41847,629619.41847,146.94,136.01,144.26,144.23,30-06-2021 17:00:00,0.00020797948010820022,1
110,629619.41847,629619.41847,146.94,136.01,144.26,144.23,30-06-2021 17:00:00,0.00020797948010820022,1
111,898148.69711,898148.69711,149.18,137.24,144.2,137.68,29-06-2021 17:00:00,0.04626907294756499,1
112,703645.47159,703645.47159,139.55,129.89,137.69,132.57,28-06-2021 17:00:00,0.03789397364552283,1
113,703645.47159,703645.47159,139.55,129.89,137.69,132.57,28-06-2021 17:00:00,0.03789397364552283,1
114,573388.24688,573388.24688,132.67,124.66,132.6,126.81,27-06-2021 17:00:00,0.044647174504953924,1
115,871924.09227,871924.09227,129.44,118.67,126.89,125.03,26-06-2021 17:00:00,0.014766860901914924,1
116,764515.33892,764515.33892,138.45,124.31,125.0,134.59,25-06-2021 17:00:00,-0.07391938294332245,0
117,660335.54019,660335.54019,137.36,123.71,134.58,129.13,24-06-2021 17:00:00,0.04133916890161249,1
118,1020444.64312,1020444.64312,133.75,115.49,129.1,119.69,23-06-2021 17:00:00,0.07568223096731774,1
119,2255757.11457,2255757.11457,133.03,104.92,119.64,124.38,22-06-2021 17:00:00,-0.03885416191399571,0
120,2255757.11457,2255757.11457,133.03,104.92,119.64,124.38,22-06-2021 17:00:00,-0.03885416191399571,0
121,1492819.3793,1492819.3793,155.5,123.91,124.46,154.87,21-06-2021 17:00:00,-0.21860167618701176,0
122,1492819.3793,1492819.3793,155.5,123.91,124.46,154.87,21-06-2021 17:00:00,-0.21860167618701176,0
123,611253.37603,611253.37603,156.18,143.75,154.88,152.51,20-06-2021 17:00:00,0.015420455860174265,1
124,523073.02283,523073.02283,160.88,152.31,152.49,156.33,19-06-2021 17:00:00,-0.024870137462311703,0
125,800699.30384,800699.30384,167.43,151.2,156.34,167.13,18-06-2021 17:00:00,-0.06673882990864932,0
126,559434.62367,559434.62367,173.4,162.81,167.08,166.56,17-06-2021 17:00:00,0.0031171347623155654,1
127,761479.45263,761479.45263,177.31,164.23,166.57,175.16,16-06-2021 17:00:00,-0.05028420044418169,0
128,761479.45263,761479.45263,177.31,164.23,166.57,175.16,16-06-2021 17:00:00,-0.05028420044418169,0
129,654352.05304,654352.05304,181.2,172.15,175.15,179.88,15-06-2021 17:00:00,-0.0266472122590109,0
130,802051.95645,802051.95645,179.99,166.34,179.89,170.85,14-06-2021 17:00:00,0.05155957441329395,1
131,573493.90783,573493.90783,171.59,156.42,170.85,161.81,13-06-2021 17:00:00,0.05436317114958378,1
132,653167.31003,653167.31003,164.3,154.14,161.8,162.84,12-06-2021 17:00:00,-0.006407119010386708,0
133,653167.31003,653167.31003,164.3,154.14,161.8,162.84,12-06-2021 17:00:00,-0.006407119010386708,0
134,928611.54446,928611.54446,173.78,160.55,162.83,168.18,11-06-2021 17:00:00,-0.0323281226286225,0
135,878866.63371,878866.63371,174.61,162.12,168.16,172.54,10-06-2021 17:00:00,-0.025713186519791265,0
136,1139739.36054,1139739.36054,173.3,152.31,172.56,160.64,09-06-2021 17:00:00,0.0715791655775373,1
137,1417289.87647,1417289.87647,164.48,144.89,160.63,161.92,08-06-2021 17:00:00,-0.007998802529425753,0
138,1035822.82509,1035822.82509,182.22,160.25,161.95,176.42,07-06-2021 17:00:00,-0.08557987021328284,0
139,677386.36378,677386.36378,179.96,172.02,176.41,172.95,06-06-2021 17:00:00,0.01980829592513711,1
140,846082.98073,846082.98073,185.49,167.32,172.94,178.46,05-06-2021 17:00:00,-0.03141977293972076,0
141,1130262.18071,1130262.18071,193.81,168.95,178.44,193.52,04-06-2021 17:00:00,-0.08112845604170804,0
142,1079806.82442,1079806.82442,197.78,181.95,193.5,187.18,03-06-2021 17:00:00,0.03320679174072616,1
143,976844.03214,976844.03214,191.34,178.27,187.14,183.05,02-06-2021 17:00:00,0.022097660281521492,1
144,1081241.44408,1081241.44408,193.16,175.82,182.99,188.01,01-06-2021 17:00:00,-0.027063646365098393,0
145,1242054.05369,1242054.05369,188.5,163.5,187.97,170.48,31-05-2021 17:00:00,0.09766438783814291,1
146,1123365.50693,1123365.50693,181.1,155.11,170.51,164.04,30-05-2021 17:00:00,0.03868364550620207,1
147,1554075.0432,1554075.0432,188.69,157.65,164.01,177.3,29-05-2021 17:00:00,-0.07791581150514482,0
148,2118247.13851,2118247.13851,198.88,165.5,177.33,194.31,28-05-2021 17:00:00,-0.0914424183585476,0
149,1457775.38448,1457775.38448,209.0,180.39,194.32,198.92,27-05-2021 17:00:00,-0.023396449152620846,0
150,1457775.38448,1457775.38448,209.0,180.39,194.32,198.92,27-05-2021 17:00:00,-0.023396449152620846,0
151,1540975.47323,1540975.47323,204.13,179.42,198.91,183.89,26-05-2021 17:00:00,0.07851470836420749,1
152,1974384.43463,1974384.43463,194.61,167.15,183.76,185.32,25-05-2021 17:00:00,-0.008453502167604654,0
153,2491240.93285,2491240.93285,185.37,139.54,185.32,142.52,24-05-2021 17:00:00,0.2626017198108128,1
154,3854006.12408,3854006.12408,176.26,118.03,142.39,169.3,23-05-2021 17:00:00,-0.17310251734618642,0
155,1983438.52337,1983438.52337,184.44,161.61,169.32,179.97,22-05-2021 17:00:00,-0.060999754680389096,0
156,2998819.79591,2998819.79591,219.12,156.56,179.97,210.66,21-05-2021 17:00:00,-0.15745528907528428,0
157,2998819.79591,2998819.79591,219.12,156.56,179.97,210.66,21-05-2021 17:00:00,-0.15745528907528428,0
158,4269465.92695,4269465.92695,225.0,166.45,210.74,186.31,20-05-2021 17:00:00,0.1232131931391196,1
159,6731555.34383,6731555.34383,300.31,147.0,185.93,293.98,19-05-2021 17:00:00,-0.45814147902186964,0
160,6731555.34383,6731555.34383,300.31,147.0,185.93,293.98,19-05-2021 17:00:00,-0.45814147902186964,0
161,2558765.69804,2558765.69804,317.97,278.32,293.98,281.38,18-05-2021 17:00:00,0.043805668864774105,1
162,2079261.84526,2079261.84526,296.34,261.27,281.53,295.89,17-05-2021 17:00:00,-0.049748749796594716,0
163,1693568.12752,1693568.12752,323.95,279.66,295.89,300.22,16-05-2021 17:00:00,-0.014527775598018877,0
164,1486176.50537,1486176.50537,332.0,296.17,300.3,326.24,15-05-2021 17:00:00,-0.08285133183686089,0
165,1482325.51445,1482325.51445,338.85,307.96,326.23,317.95,14-05-2021 17:00:00,0.025708516362407785,1
166,2979065.55728,2979065.55728,332.73,291.0,317.95,310.4,13-05-2021 17:00:00,0.024032349404352615,1
167,2537826.91562,2537826.91562,394.37,301.0,310.4,377.8,12-05-2021 17:00:00,-0.19650316675834567,0
168,2031121.35038,2031121.35038,379.72,345.0,377.6,358.93,11-05-2021 17:00:00,0.05070805086774577,1
169,3830553.73813,3830553.73813,413.49,333.68,358.89,387.77,10-05-2021 17:00:00,-0.07739644550159053,0
170,2292100.05852,2292100.05852,389.0,333.51,387.8,347.17,09-05-2021 17:00:00,0.11067516928548304,1
171,1327716.1907,1327716.1907,356.68,334.0,347.1,344.89,08-05-2021 17:00:00,0.0063873972565557935,1
172,2822668.46597,2822668.46597,374.5,333.33,344.89,354.52,07-05-2021 17:00:00,-0.027539236259012334,0
173,2752093.00755,2752093.00755,364.93,318.0,354.67,356.03,06-05-2021 17:00:00,-0.0038272172789080017,0
174,3748897.98686,3748897.98686,360.0,300.52,356.04,305.24,05-05-2021 17:00:00,0.15394473166929856,1
175,3939316.56899,3939316.56899,327.68,270.0,305.23,294.73,04-05-2021 17:00:00,0.03500590777712986,1
176,1427253.57143,1427253.57143,299.72,268.44,294.87,268.83,03-05-2021 17:00:00,0.09245537168241036,1
177,656429.21428,656429.21428,277.47,264.7,268.88,276.77,02-05-2021 17:00:00,-0.028921652950073984,0
178,759685.23196,759685.23196,278.58,265.9,276.78,271.14,01-05-2021 17:00:00,0.02058767414654117,1
179,759685.23196,759685.23196,278.58,265.9,276.78,271.14,01-05-2021 17:00:00,0.02058767414654117,1
180,1037748.69625,1037748.69625,273.58,252.61,271.13,255.31,30-04-2021 17:00:00,0.06011991757046964,1
181,877558.7853,877558.7853,262.89,248.16,255.31,258.5,29-04-2021 17:00:00,-0.012417200863767519,0
182,1014038.43734,1014038.43734,266.94,247.58,258.51,259.77,28-04-2021 17:00:00,-0.00486224620803366,0
183,1014038.43734,1014038.43734,266.94,247.58,258.51,259.77,28-04-2021 17:00:00,-0.00486224620803366,0
184,1114182.69248,1114182.69248,263.15,243.63,259.77,247.4,27-04-2021 17:00:00,0.04879016416943127,1
185,1114182.69248,1114182.69248,263.15,243.63,259.77,247.4,27-04-2021 17:00:00,0.04879016416943127,1
186,1236470.27391,1236470.27391,248.2,221.24,247.42,223.9,26-04-2021 17:00:00,0.09988777382997682,1
187,928460.2198,928460.2198,235.8,210.73,223.88,224.76,25-04-2021 17:00:00,-0.003922972220838261,0
188,1152968.01885,1152968.01885,241.41,220.34,224.75,241.31,24-04-2021 17:00:00,-0.0710937406087,0
189,2866031.89172,2866031.89172,257.15,206.89,241.31,252.6,23-04-2021 17:00:00,-0.04572479595596057,0
190,2858792.51437,2858792.51437,289.61,239.0,252.5,257.63,22-04-2021 17:00:00,-0.02011319836121661,0
191,1841080.20554,1841080.20554,277.0,250.75,257.69,260.73,21-04-2021 17:00:00,-0.011728077023882122,0
192,2111225.32553,2111225.32553,272.8,234.31,260.68,261.47,20-04-2021 17:00:00,-0.0030259527062934666,0
193,1973511.87573,1973511.87573,284.39,250.21,261.38,273.35,19-04-2021 17:00:00,-0.04477773817211883,0
194,3346589.56812,3346589.56812,304.83,231.1,273.36,300.87,18-04-2021 17:00:00,-0.09588866996119005,0
195,2574519.6355,2574519.6355,335.69,296.75,300.86,308.39,17-04-2021 17:00:00,-0.02472017547225125,0
196,3150447.99928,3150447.99928,317.09,265.5,308.43,285.64,16-04-2021 17:00:00,0.07676263654182769,1
197,1409760.53776,1409760.53776,290.9,266.0,285.63,278.8,15-04-2021 17:00:00,0.024202588079340615,1
198,1989435.79148,1989435.79148,283.0,255.0,278.86,267.61,14-04-2021 17:00:00,0.0411791670032402,1
199,1931888.55344,1931888.55344,273.54,244.36,267.59,244.44,13-04-2021 17:00:00,0.09048607832133992,1
200,1370860.1631,1370860.1631,259.94,240.01,244.42,252.35,12-04-2021 17:00:00,-0.031928955776416856,0
201,1890765.80129,1890765.80129,263.62,244.77,252.31,256.55,11-04-2021 17:00:00,-0.01666508717168469,0
202,1859281.88304,1859281.88304,257.0,219.16,256.34,221.13,10-04-2021 17:00:00,0.14775392443237045,1
203,688918.8215,688918.8215,228.99,218.72,221.12,226.17,09-04-2021 17:00:00,-0.022581388312414852,0
204,1074942.89645,1074942.89645,228.21,216.89,226.11,219.22,08-04-2021 17:00:00,0.030945814735910737,1
205,2263475.4652,2263475.4652,242.99,210.77,219.05,236.96,07-04-2021 17:00:00,-0.07859133625958137,0
206,2444849.53403,2444849.53403,244.59,212.97,237.04,221.48,06-04-2021 17:00:00,0.06789661131054281,1
207,1329743.7613,1329743.7613,225.47,198.07,221.48,202.24,05-04-2021 17:00:00,0.09087718099627384,1
208,565154.10714,565154.10714,204.92,192.22,202.21,195.17,04-04-2021 17:00:00,0.03543578770452793,1
209,956126.60492,956126.60492,217.97,194.85,195.23,211.44,03-04-2021 17:00:00,-0.07976291960132276,0
210,956126.60492,956126.60492,217.97,194.85,195.23,211.44,03-04-2021 17:00:00,-0.07976291960132276,0
211,942970.73038,942970.73038,213.77,200.78,211.46,202.87,02-04-2021 17:00:00,0.0414704754911428,1
212,876741.40869,876741.40869,205.0,194.0,202.86,196.69,01-04-2021 17:00:00,0.03088720068604811,1
213,698229.63786,698229.63786,198.99,187.0,196.7,195.71,31-03-2021 17:00:00,0.005045753678134979,1
214,932290.6498,932290.6498,200.09,190.34,195.74,193.73,30-03-2021 17:00:00,0.01032181089881945,1
215,904774.30423,904774.30423,197.6,182.45,193.73,184.22,29-03-2021 17:00:00,0.05033474153876494,1
216,380545.16211,380545.16211,187.29,180.0,184.24,184.06,28-03-2021 17:00:00,0.000977464101718617,1
217,475886.83873,475886.83873,186.12,177.75,184.06,183.44,27-03-2021 17:00:00,0.0033741528610624627,1
218,721838.20194,721838.20194,183.82,171.44,183.45,171.53,26-03-2021 17:00:00,0.06718397237955731,1
219,956666.86464,956666.86464,179.03,167.86,171.53,176.05,25-03-2021 17:00:00,-0.026009867179327628,0
220,1189902.97985,1189902.97985,197.17,172.0,176.05,185.82,24-03-2021 17:00:00,-0.05401041761210479,0
221,638849.27686,638849.27686,189.44,181.12,185.83,185.69,23-03-2021 17:00:00,0.0007536606730544904,1
222,725506.72916,725506.72916,199.0,184.42,185.67,195.33,22-03-2021 17:00:00,-0.05071953149750019,0
223,581731.80679,581731.80679,202.0,192.0,195.31,200.16,21-03-2021 17:00:00,-0.024529006869800973,0
224,473637.43878,473637.43878,206.1,198.82,200.17,199.96,20-03-2021 17:00:00,0.0010496589572444037,1
225,536877.41275,536877.41275,205.0,195.81,199.96,199.72,19-03-2021 17:00:00,0.0012009609129615129,1
226,536877.41275,536877.41275,205.0,195.81,199.96,199.72,19-03-2021 17:00:00,0.0012009609129615129,1
227,774419.42586,774419.42586,208.25,199.13,199.7,205.96,18-03-2021 17:00:00,-0.030865734756170937,0
228,885644.66746,885644.66746,206.94,194.13,205.98,201.61,17-03-2021 17:00:00,0.021443938556036102,1
229,1063051.80222,1063051.80222,205.53,191.15,201.6,200.59,16-03-2021 17:00:00,0.005022512360607578,1
230,1413381.72445,1413381.72445,222.58,197.56,200.59,214.0,15-03-2021 17:00:00,-0.0647129911852451,0
231,981380.1209,981380.1209,203.54,191.03,201.36,200.29,11-03-2021 17:00:00,0.0053280345139192775,1
232,1422079.58464,1422079.58464,208.0,191.47,200.29,203.8,10-03-2021 17:00:00,-0.017372804475483505,0
233,1485337.09208,1485337.09208,194.4,176.83,180.67,187.7,04-03-2021 17:00:00,-0.03817278080662678,0
234,1873295.01116,1873295.01116,196.49,176.79,187.64,179.06,03-03-2021 17:00:00,0.046804288254246984,1
235,1441741.00235,1441741.00235,185.32,170.69,179.08,175.9,02-03-2021 17:00:00,0.017916981629253037,1
236,1216268.49518,1216268.49518,176.46,163.3,175.89,165.27,01-03-2021 17:00:00,0.06227829949149832,1
237,1682228.22219,1682228.22219,173.42,152.88,165.22,171.75,28-02-2021 17:00:00,-0.038762011968099586,0
238,2180233.25143,2180233.25143,182.86,162.74,170.25,179.36,26-02-2021 17:00:00,-0.052127014294227614,0
239,1961972.0422,1961972.0422,205.21,175.0,179.36,181.43,25-02-2021 17:00:00,-0.011474945058221664,0
240,1766938.56965,1766938.56965,158.68,141.03,145.07,155.94,04-02-2021 17:00:00,-0.07225493333064303,0
241,1820822.28924,1820822.28924,156.7,141.92,155.93,141.96,03-02-2021 17:00:00,0.09386186081849779,1
242,1884558.49538,1884558.49538,145.82,131.87,141.98,131.99,02-02-2021 17:00:00,0.07296004047037652,1
243,1167609.37029,1167609.37029,136.63,125.95,132.0,129.37,01-02-2021 17:00:00,0.020125406656560152,1
244,917993.35191,917993.35191,135.06,125.67,129.36,133.35,31-01-2021 17:00:00,-0.030378035359172273,0
245,1240323.68178,1240323.68178,134.96,118.13,122.44,134.69,27-01-2021 17:00:00,-0.09535472753351204,0
246,1093141.08136,1093141.08136,139.76,127.85,134.67,137.07,26-01-2021 17:00:00,-0.01766440278133885,0
247,1380902.3935,1380902.3935,147.87,136.62,137.07,141.01,25-01-2021 17:00:00,-0.028339065605849534,0
248,917459.85058,917459.85058,142.65,133.73,141.01,137.66,24-01-2021 17:00:00,0.024043932878920593,1
249,969988.56158,969988.56158,143.52,135.05,137.67,137.65,23-01-2021 17:00:00,0.0001452854862353803,1
250,1979078.0056,1979078.0056,141.85,122.7,137.66,129.7,22-01-2021 17:00:00,0.05956278564782025,1
251,2114912.93172,2114912.93172,150.25,125.64,129.72,149.67,21-01-2021 17:00:00,-0.14305458910193813,0
252,2288798.47777,2288798.47777,166.02,150.18,151.86,151.97,19-01-2021 17:00:00,-0.0007240891604256561,0
253,1644947.14813,1644947.14813,154.99,138.44,151.96,142.78,18-01-2021 17:00:00,0.06231234424511012,1
254,1379082.3792,1379082.3792,147.0,136.22,142.8,143.52,17-01-2021 17:00:00,-0.005029348405001244,0
255,1784053.82975,1784053.82975,152.59,139.28,143.52,143.66,16-01-2021 17:00:00,-0.0009749983361695413,0
256,2104225.5121,2104225.5121,155.74,130.0,143.65,152.46,15-01-2021 17:00:00,-0.059522481134829164,0
257,2033762.60027,2033762.60027,156.89,143.55,152.5,147.39,14-01-2021 17:00:00,0.03408246119879976,1
258,2153426.27798,2153426.27798,148.46,125.9,147.38,133.44,13-01-2021 17:00:00,0.09936234672841682,1
259,2825579.61257,2825579.61257,146.86,128.0,133.42,138.88,12-01-2021 17:00:00,-0.04010820363067147,0
260,4989528.65149,4989528.65149,170.74,112.7,138.87,170.06,11-01-2021 17:00:00,-0.20261307224635772,0
261,2269705.0446,2269705.0446,185.83,161.86,170.07,177.27,10-01-2021 17:00:00,-0.04146387702137133,0
262,1749781.84973,1749781.84973,178.8,163.3,177.26,172.28,09-01-2021 17:00:00,0.028496521124342422,1
263,2843159.7034,2843159.7034,181.92,150.0,172.19,169.35,08-01-2021 17:00:00,0.01663093903431445,1
264,2493533.9948,2493533.9948,181.22,161.18,169.35,168.96,07-01-2021 17:00:00,0.002305578745883885,1
265,1857831.43166,1857831.43166,169.72,154.95,168.92,158.46,06-01-2021 17:00:00,0.06392303452864656,1
266,1998205.92425,1998205.92425,162.8,146.52,158.43,155.33,05-01-2021 17:00:00,0.019760969387134786,1
267,3530422.20392,3530422.20392,173.66,139.31,155.34,161.23,04-01-2021 17:00:00,-0.03721565398414661,0
268,3813834.07669,3813834.07669,164.7,135.3,161.24,136.94,03-01-2021 17:00:00,0.1633510645560481,1
269,2442266.765,2442266.765,142.0,123.15,136.96,126.2,02-01-2021 17:00:00,0.08182096228631863,1
270,1727676.641,1727676.641,133.11,122.63,130.05,128.8,30-12-2020 17:00:00,0.00965817822440762,1
271,1732248.38409,1732248.38409,130.9,120.0,128.8,129.84,29-12-2020 17:00:00,-0.008042109536082087,0
272,2349842.95502,2349842.95502,137.41,126.37,129.83,127.83,28-12-2020 17:00:00,0.015524646192231373,1
273,3743173.13001,3743173.13001,139.47,121.88,127.88,129.61,27-12-2020 17:00:00,-0.013437617243642563,0
274,3743173.13001,3743173.13001,139.47,121.88,127.88,129.61,27-12-2020 17:00:00,-0.013437617243642563,0
275,3461075.6473,3461075.6473,135.19,124.94,129.61,127.74,26-12-2020 17:00:00,0.014532993301840769,1
276,3117913.94898,3117913.94898,128.63,108.18,127.78,111.13,25-12-2020 17:00:00,0.13960934797664226,1
277,2696980.51697,2696980.51697,112.32,98.55,111.13,102.46,24-12-2020 17:00:00,0.0812282086864986,1
278,3210319.32528,3210319.32528,114.63,98.35,114.32,104.48,22-12-2020 17:00:00,0.09000586809349098,1
279,2599527.81365,2599527.81365,118.65,100.31,104.45,114.59,21-12-2020 17:00:00,-0.09265205243578212,0
280,2671305.32839,2671305.32839,123.21,109.76,114.58,119.85,20-12-2020 17:00:00,-0.04496769189996197,0
281,4161454.89253,4161454.89253,109.8,90.0,101.01,92.94,17-12-2020 17:00:00,0.0832653981842606,1
282,2349124.19924,2349124.19924,93.44,78.31,92.94,81.36,16-12-2020 17:00:00,0.13307037191652782,1
283,1348469.20889,1348469.20889,84.93,80.39,81.32,82.38,15-12-2020 17:00:00,-0.01295070024778866,0
284,1102081.73026,1102081.73026,82.98,79.11,82.35,82.27,14-12-2020 17:00:00,0.0009719354428101568,1
285,1278882.98328,1278882.98328,84.38,75.52,82.28,76.64,13-12-2020 17:00:00,0.07100893112215179,1
286,872394.12884,872394.12884,77.58,71.97,76.67,72.2,12-12-2020 17:00:00,0.060070451672022074,1
287,900570.5582,900570.5582,77.66,72.51,74.7,77.41,10-12-2020 17:00:00,-0.035635879077850596,0
288,1378314.59353,1378314.59353,78.14,72.13,77.41,76.75,09-12-2020 17:00:00,0.00856258474931515,1
289,1230953.86975,1230953.86975,84.83,75.41,76.76,83.37,08-12-2020 17:00:00,-0.08260486128302347,0
290,1230953.86975,1230953.86975,84.83,75.41,76.76,83.37,08-12-2020 17:00:00,-0.08260486128302347,0
291,1145446.47407,1145446.47407,86.87,81.73,83.37,83.54,07-12-2020 17:00:00,-0.0020370266465068454,0
292,921046.75996,921046.75996,85.19,80.31,83.55,83.11,06-12-2020 17:00:00,0.005280223476468393,1
293,1278363.44579,1278363.44579,84.28,78.61,83.14,79.52,05-12-2020 17:00:00,0.04451737147617241,1
294,1690248.45885,1690248.45885,91.5,85.46,89.0,88.89,03-12-2020 17:00:00,0.001236719478556303,1
295,2135078.47937,2135078.47937,90.63,82.61,88.9,85.07,02-12-2020 17:00:00,0.044037695532066046,1
296,3600461.26285,3600461.26285,93.01,79.56,85.08,87.66,01-12-2020 17:00:00,-0.02987370465862682,0
297,2118965.66781,2118965.66781,88.46,76.63,87.65,78.89,30-11-2020 17:00:00,0.1052971342602449,1
298,2118965.66781,2118965.66781,88.46,76.63,87.65,78.89,30-11-2020 17:00:00,0.1052971342602449,1
299,1483068.35897,1483068.35897,74.97,68.26,72.7,69.18,28-11-2020 17:00:00,0.04962958103045079,1
300,1707521.50402,1707521.50402,73.5,65.3,69.15,70.99,27-11-2020 17:00:00,-0.026260963940527127,0
301,3435959.29518,3435959.29518,83.29,64.45,71.0,81.75,26-11-2020 17:00:00,-0.1409859327360472,0
302,1631940.24087,1631940.24087,90.76,78.05,81.75,89.27,25-11-2020 17:00:00,-0.08799967541390785,0
303,2621715.64303,2621715.64303,94.02,84.6,89.25,89.04,24-11-2020 17:00:00,0.00235571369245946,1
304,2535636.06789,2535636.06789,90.93,80.8,89.03,82.87,23-11-2020 17:00:00,0.07170027672462886,1
305,2521719.40828,2521719.40828,88.5,80.1,87.14,82.55,21-11-2020 17:00:00,0.05411185032315924,1
306,2386175.15236,2386175.15236,85.63,79.99,82.53,81.54,20-11-2020 17:00:00,0.012068166213485831,1
307,2773824.05583,2773824.05583,83.4,71.47,81.53,73.41,19-11-2020 17:00:00,0.1049108845521296,1
308,2653342.04102,2653342.04102,77.13,67.77,73.42,76.32,18-11-2020 17:00:00,-0.038738649071342834,0
309,2653342.04102,2653342.04102,77.13,67.77,73.42,76.32,18-11-2020 17:00:00,-0.038738649071342834,0
310,2844994.89879,2844994.89879,77.0,71.36,76.32,73.83,17-11-2020 17:00:00,0.03316987406895677,1
311,685249.75502,685249.75502,64.43,61.08,62.28,63.83,15-11-2020 17:00:00,-0.024582952302168337,0
312,824536.88147,824536.88147,60.53,57.8,59.27,57.94,11-11-2020 17:00:00,0.022695283458542548,1
313,639990.21607,639990.21607,59.6,57.04,57.93,59.22,10-11-2020 17:00:00,-0.02202393756491272,0
314,997800.78526,997800.78526,61.86,57.37,59.23,61.0,09-11-2020 17:00:00,-0.02944569388443785,0
315,795875.09498,795875.09498,62.03,58.52,61.02,58.9,08-11-2020 17:00:00,0.0353605886309829,1
316,1655539.62718,1655539.62718,64.77,57.0,58.9,63.22,07-11-2020 17:00:00,-0.070779616129931,0
317,1735473.54314,1735473.54314,63.68,58.61,63.2,58.94,06-11-2020 17:00:00,0.06978432384326361,1
318,801009.79133,801009.79133,55.24,51.59,54.67,53.96,04-11-2020 17:00:00,0.013072081567352622,1
319,672320.16238,672320.16238,54.37,51.13,53.96,53.82,03-11-2020 17:00:00,0.002597886040795583,1
320,700498.4928,700498.4928,56.84,53.01,53.8,55.6,02-11-2020 17:00:00,-0.032909734088797826,0
321,369373.81151,369373.81151,56.19,54.07,55.6,55.69,01-11-2020 17:00:00,-0.001617396345040767,0
322,593903.97546,593903.97546,56.5,53.6,55.72,54.02,31-10-2020 17:00:00,0.030984800547134927,1
323,706074.89769,706074.89769,55.78,52.2,54.01,54.88,30-10-2020 17:00:00,-0.015979768812830475,0
324,1227549.68318,1227549.68318,60.55,54.71,55.77,57.9,28-10-2020 17:00:00,-0.037481294177487356,0
325,846694.24825,846694.24825,59.06,56.46,57.91,56.8,27-10-2020 17:00:00,0.019353755510592485,1
326,937505.27029,937505.27029,59.31,54.94,56.82,58.83,26-10-2020 17:00:00,-0.0347635524503227,0
327,907068.98603,907068.98603,60.0,56.53,58.84,59.22,25-10-2020 17:00:00,-0.006437426940208546,0
328,1079055.89232,1079055.89232,57.0,53.02,55.42,54.35,23-10-2020 17:00:00,0.019495925867613728,1
329,1405890.00408,1405890.00408,56.31,52.97,54.35,52.98,22-10-2020 17:00:00,0.025530129723294603,1
330,1425655.0175,1425655.0175,55.0,46.85,52.98,46.88,21-10-2020 17:00:00,0.12232333857516631,1
331,1425655.0175,1425655.0175,55.0,46.85,52.98,46.88,21-10-2020 17:00:00,0.12232333857516631,1
332,399254.84677,399254.84677,48.46,46.36,46.88,47.99,20-10-2020 17:00:00,-0.023401510601396946,0
333,316808.83163,316808.83163,48.44,46.8,47.99,47.54,19-10-2020 17:00:00,0.009421193938106587,1
334,164733.27305,164733.27305,47.98,46.78,47.54,46.92,18-10-2020 17:00:00,0.013127438146772974,1
335,222964.85752,222964.85752,47.64,46.28,46.93,47.61,17-10-2020 17:00:00,-0.014385693400101207,0
336,603775.07786,603775.07786,49.84,45.6,47.6,49.52,16-10-2020 17:00:00,-0.03954386713896607,0
337,381873.31223,381873.31223,51.04,49.27,49.79,49.9,14-10-2020 17:00:00,-0.002206842103381401,0
338,468445.05222,468445.05222,50.71,48.8,49.89,50.58,13-10-2020 17:00:00,-0.013735659368872888,0
339,622150.70858,622150.70858,51.5,49.24,50.58,50.48,12-10-2020 17:00:00,0.001979023008861436,1
340,393329.63182,393329.63182,51.27,48.66,50.48,48.89,11-10-2020 17:00:00,0.0320043416424034,1
341,426163.73877,426163.73877,50.46,47.76,48.88,47.78,10-10-2020 17:00:00,0.02276117296567648,1
342,412581.66491,412581.66491,47.5,45.45,47.21,46.56,08-10-2020 17:00:00,0.01386393113501283,1
343,384596.71962,384596.71962,46.96,45.02,46.55,46.01,07-10-2020 17:00:00,0.011668239555698623,1
344,650720.47185,650720.47185,48.25,45.52,45.99,46.35,06-10-2020 17:00:00,-0.007797310460031515,0
345,288147.27514,288147.27514,47.08,45.53,46.34,46.68,05-10-2020 17:00:00,-0.007310288414124955,0
346,257423.66188,257423.66188,47.07,45.28,46.69,45.5,04-10-2020 17:00:00,0.025817683025940674,1
347,225825.74372,225825.74372,45.97,44.72,45.51,44.88,03-10-2020 17:00:00,0.013939820814109716,1
348,518670.86558,518670.86558,46.97,43.19,44.88,46.25,02-10-2020 17:00:00,-0.030069202743993273,0
349,691422.81613,691422.81613,48.46,45.23,46.25,46.26,01-10-2020 17:00:00,-0.00021619284485918655,0
350,314875.69765,314875.69765,45.85,44.95,45.69,45.23,29-09-2020 17:00:00,0.01011887208542861,1
351,500347.34059,500347.34059,47.14,44.8,45.23,46.05,28-09-2020 17:00:00,-0.01796717921156432,0
352,299821.64354,299821.64354,46.62,44.56,46.05,46.01,27-09-2020 17:00:00,0.0008689985339387363,1
353,385922.04928,385922.04928,45.29,42.56,44.92,42.99,24-09-2020 17:00:00,0.04391559936205214,1
354,334632.72915,334632.72915,44.79,42.75,44.47,43.17,22-09-2020 17:00:00,0.02966899495521913,1
355,724381.66742,724381.66742,47.64,41.59,43.16,47.1,21-09-2020 17:00:00,-0.08735886063243825,0
356,309678.11312,309678.11312,48.51,46.15,47.09,48.51,20-09-2020 17:00:00,-0.029709298001662,0
357,615374.46932,615374.46932,50.37,48.1,48.31,49.08,15-09-2020 17:00:00,-0.015813041276395268,0
358,493683.75375,493683.75375,49.65,47.11,49.08,48.17,14-09-2020 17:00:00,0.01871519920058118,1
359,458828.41821,458828.41821,51.04,47.26,48.15,50.82,13-09-2020 17:00:00,-0.05396883964788346,0
360,760182.50564,760182.50564,49.35,45.98,47.47,48.85,08-09-2020 17:00:00,-0.028656445925565155,0
361,826692.56519,826692.56519,49.18,45.22,48.84,47.93,07-09-2020 17:00:00,0.01880803607096393,1
362,653592.78694,653592.78694,49.25,46.28,47.92,47.82,06-09-2020 17:00:00,0.00208899177701527,1
363,1476516.48212,1476516.48212,52.38,46.24,50.32,47.28,04-09-2020 17:00:00,0.06231523929434202,1
364,1324245.74096,1324245.74096,58.62,45.33,47.28,58.07,03-09-2020 17:00:00,-0.20556180628611553,0
365,934006.30005,934006.30005,63.19,56.32,58.06,62.68,02-09-2020 17:00:00,-0.07656545889133604,0
366,972744.47944,972744.47944,64.31,59.69,62.69,60.94,01-09-2020 17:00:00,0.028312171728313906,1
367,680146.78621,680146.78621,63.7,60.51,60.92,62.89,31-08-2020 17:00:00,-0.03182564052845116,0
368,839317.10194,839317.10194,62.95,56.93,62.89,56.95,30-08-2020 17:00:00,0.09921347866222074,1
369,644522.18905,644522.18905,58.28,55.33,57.38,56.12,28-08-2020 17:00:00,0.022203555318959012,1
370,975870.10827,975870.10827,59.24,53.91,56.1,58.11,27-08-2020 17:00:00,-0.03520195355836364,0
371,663386.26018,663386.26018,59.1,57.02,58.1,58.33,26-08-2020 17:00:00,-0.003950876907680367,0
372,1171220.25124,1171220.25124,62.29,56.6,58.34,62.03,25-08-2020 17:00:00,-0.061330174545450866,0
373,687323.05849,687323.05849,63.01,59.97,62.02,60.56,24-08-2020 17:00:00,0.023822304543108963,1
374,629697.6774,629697.6774,61.63,58.01,60.55,60.21,23-08-2020 17:00:00,0.005631018522745279,1
375,735637.16639,735637.16639,60.54,57.76,60.21,59.18,22-08-2020 17:00:00,0.017254804504292842,1
376,867577.35764,867577.35764,63.68,61.0,62.8,62.08,20-08-2020 17:00:00,0.011531197599189191,1
377,1699324.38729,1699324.38729,67.15,58.73,62.12,65.42,19-08-2020 17:00:00,-0.0517600238297522,0
378,1562910.41383,1562910.41383,68.37,63.37,65.4,67.22,18-08-2020 17:00:00,-0.027448563833806894,0
379,1790813.80276,1790813.80276,68.88,61.34,67.22,63.89,17-08-2020 17:00:00,0.05080796768270801,1
380,1576897.59255,1576897.59255,64.6,57.8,63.87,59.85,16-08-2020 17:00:00,0.06500833556951502,1
381,1137795.12262,1137795.12262,60.87,56.45,59.85,56.78,15-08-2020 17:00:00,0.05265728095915723,1
382,728312.30047,728312.30047,57.85,55.82,56.78,57.14,14-08-2020 17:00:00,-0.006320245757802212,0
383,645092.49922,645092.49922,55.05,51.55,54.52,54.11,12-08-2020 17:00:00,0.007548595173688,1
384,887598.71928,887598.71928,59.67,52.37,54.1,58.27,11-08-2020 17:00:00,-0.07425319530254759,0
385,651148.79465,651148.79465,59.4,56.38,58.27,56.96,10-08-2020 17:00:00,0.022738114051263025,1
386,22889.87274,22889.87274,58.59,58.12,58.4,58.46,09-08-2020 17:00:00,-0.0010268698489186434,0
387,897911.44061,897911.44061,61.08,54.51,57.17,59.03,07-08-2020 17:00:00,-0.032016503976717736,0
388,822577.34534,822577.34534,60.68,57.69,59.03,58.88,06-08-2020 17:00:00,0.0025443148319768127,1
389,716365.47473,716365.47473,59.77,56.73,58.88,57.62,05-08-2020 17:00:00,0.021631744764238903,1
390,625555.61417,625555.61417,59.62,56.26,57.61,58.51,04-08-2020 17:00:00,-0.015501516055853592,0
391,825040.86283,825040.86283,60.03,55.71,58.48,56.77,03-08-2020 17:00:00,0.02967679825888858,1
392,1811190.59194,1811190.59194,65.17,51.79,56.77,61.65,02-08-2020 17:00:00,-0.0824652124277181,0
393,1209772.30685,1209772.30685,62.23,57.55,61.65,58.13,01-08-2020 17:00:00,0.058791347897093615,1
394,656214.79104,656214.79104,59.26,55.78,58.13,56.73,31-07-2020 17:00:00,0.024378710374783452,1
395,46089.0745,46089.0745,55.17,54.15,54.92,55.17,30-07-2020 17:00:00,-0.004541746384569834,0
396,1524796.93339,1524796.93339,57.92,51.65,55.75,53.29,28-07-2020 17:00:00,0.045128714031537065,1
397,1501022.7139,1501022.7139,55.83,46.85,53.28,48.07,27-07-2020 17:00:00,0.10290274432626445,1
398,895757.19561,895757.19561,50.79,47.49,48.1,49.16,26-07-2020 17:00:00,-0.02179810758611822,0
399,908436.85403,908436.85403,49.52,44.03,49.16,44.12,25-07-2020 17:00:00,0.10816709031253202,1
400,246802.56871,246802.56871,44.96,43.93,44.11,44.93,24-07-2020 17:00:00,-0.018419208965220424,0
401,432494.11351,432494.11351,45.63,44.52,44.94,44.96,23-07-2020 17:00:00,-0.0004449388282523614,0
402,335459.88539,335459.88539,45.12,43.2,44.96,43.77,22-07-2020 17:00:00,0.02682455438263176,1
403,314440.37624,314440.37624,44.11,41.87,43.77,41.94,21-07-2020 17:00:00,0.042708625729030114,1
404,180313.88112,180313.88112,42.79,41.37,41.94,42.65,20-07-2020 17:00:00,-0.016787248463914217,0
405,195427.40326,195427.40326,42.89,41.83,42.64,42.45,19-07-2020 17:00:00,0.004465867100232668,1
406,2203.92831,2203.92831,42.02,41.8,42.01,41.88,18-07-2020 17:00:00,0.003099299178954684,1
407,389747.37081,389747.37081,43.49,40.85,42.09,43.34,16-07-2020 17:00:00,-0.02926581332573397,0
408,216931.7592,216931.7592,44.06,42.81,43.33,43.88,15-07-2020 17:00:00,-0.012613399655211577,0
409,246958.9888,246958.9888,44.09,42.86,43.88,43.91,14-07-2020 17:00:00,-0.0006834491665967946,0
410,445103.8423,445103.8423,45.59,42.31,43.92,44.72,13-07-2020 17:00:00,-0.018051031645568205,0
411,245471.12147,245471.12147,45.3,43.7,44.7,44.68,12-07-2020 17:00:00,0.00044752741852338573,1
412,186318.68972,186318.68972,44.77,43.85,44.69,44.32,11-07-2020 17:00:00,0.008313720506331723,1
413,256685.44543,256685.44543,44.64,43.44,44.3,44.34,10-07-2020 17:00:00,-0.000902527137075726,0
414,413268.76529,413268.76529,45.87,43.57,44.33,45.35,09-07-2020 17:00:00,-0.02274852780418346,0
415,537390.40825,537390.40825,45.62,43.1,45.35,43.39,08-07-2020 17:00:00,0.0441811767508864,1
416,307753.44376,307753.44376,44.49,43.06,43.39,44.07,07-07-2020 17:00:00,-0.015550279043636372,0
417,368489.71516,368489.71516,44.31,41.5,44.06,41.58,06-07-2020 17:00:00,0.057933058944330096,1
418,235045.82858,235045.82858,42.2,40.75,41.58,42.11,05-07-2020 17:00:00,-0.012665959743969335,0
419,239298.32793,239298.32793,42.23,41.06,42.11,41.13,04-07-2020 17:00:00,0.023547459931503312,1
420,190294.77564,190294.77564,41.7,40.89,41.14,41.03,03-07-2020 17:00:00,0.002677377770716305,1
421,274520.05417,274520.05417,41.9,40.28,41.05,41.76,02-07-2020 17:00:00,-0.0171481076759461,0
422,189759.33668,189759.33668,42.01,40.96,41.77,41.16,01-07-2020 17:00:00,0.014711467543234935,1
423,170712.36761,170712.36761,42.07,40.73,41.17,41.87,30-06-2020 17:00:00,-0.01685974424923886,0
424,323346.172,323346.172,42.29,40.59,41.87,41.37,29-06-2020 17:00:00,0.012013599557731958,1
425,6732.33032,6732.33032,41.06,40.68,40.88,41.04,28-06-2020 17:00:00,-0.0039062549670649815,0
426,348389.34208,348389.34208,43.6,41.37,43.09,42.34,26-06-2020 17:00:00,0.017558685921027717,1
427,241972.00632,241972.00632,43.0,41.68,42.35,42.65,25-06-2020 17:00:00,-0.007058852839624485,0
428,357937.97223,357937.97223,44.69,42.1,42.65,44.18,24-06-2020 17:00:00,-0.03524492405428292,0
429,219437.96099,219437.96099,44.49,43.89,44.18,44.3,23-06-2020 17:00:00,-0.0027124790591188663,0
430,281907.39739,281907.39739,44.67,42.94,44.3,43.0,22-06-2020 17:00:00,0.029784561357527384,1
431,159632.6785,159632.6785,43.83,42.88,43.0,43.57,21-06-2020 17:00:00,-0.013168724435788537,0
432,202428.9463,202428.9463,43.85,42.21,43.57,42.89,20-06-2020 17:00:00,0.015730141600561964,1
433,304810.97536,304810.97536,43.73,42.57,42.89,43.43,19-06-2020 17:00:00,-0.012511748017941748,0
434,193534.98938,193534.98938,44.23,42.88,43.43,44.07,18-06-2020 17:00:00,-0.014628832307165052,0
435,324893.86142,324893.86142,45.04,43.0,44.07,43.9,17-06-2020 17:00:00,0.003864958772770155,1
436,215557.59073,215557.59073,44.22,43.33,43.88,43.73,16-06-2020 17:00:00,0.0034242699822004674,1
437,355287.54016,355287.54016,44.09,41.75,43.73,44.04,15-06-2020 17:00:00,-0.0070639464296502474,0
438,170082.74029,170082.74029,45.11,43.53,44.05,45.09,14-06-2020 17:00:00,-0.02333514005080417,0
439,151582.80518,151582.80518,45.22,44.27,45.08,44.72,13-06-2020 17:00:00,0.008017860324732062,1
440,236934.18593,236934.18593,45.36,42.81,44.72,43.22,12-06-2020 17:00:00,0.03411747776810348,1
441,538636.15983,538636.15983,46.96,42.0,43.22,46.63,11-06-2020 17:00:00,-0.0759407597414894,0
442,319582.73016,319582.73016,47.19,45.65,46.63,45.89,10-06-2020 17:00:00,0.015996882413487068,1
443,219681.6354,219681.6354,46.84,45.31,45.87,46.45,09-06-2020 17:00:00,-0.012565156650767406,0
444,220499.06993,220499.06993,46.79,45.95,46.43,46.6,08-06-2020 17:00:00,-0.003654739099769877,0
445,306262.54148,306262.54148,46.98,45.06,46.63,46.79,07-06-2020 17:00:00,-0.0034253940578956588,0
446,226441.44764,226441.44764,47.24,46.07,46.79,46.8,06-06-2020 17:00:00,-0.00021369804547610727,0
447,400925.03604,400925.03604,47.98,46.42,46.83,47.43,05-06-2020 17:00:00,-0.012730916694039696,0
448,471692.41566,471692.41566,48.1,46.15,47.43,47.15,04-06-2020 17:00:00,0.005920930810023872,1
449,428190.82164,428190.82164,47.5,45.25,47.16,46.01,03-06-2020 17:00:00,0.02468731150179293,1
450,920374.03122,920374.03122,49.96,44.0,45.99,48.26,02-06-2020 17:00:00,-0.048179078645052886,0
451,599583.67722,599583.67722,48.81,45.36,48.25,45.6,01-06-2020 17:00:00,0.05648811126465425,1
452,494076.18673,494076.18673,47.84,45.07,45.61,47.72,31-05-2020 17:00:00,-0.04522360650610624,0
453,590070.5535,590070.5535,48.08,44.18,47.72,44.49,30-05-2020 17:00:00,0.07008615241176486,1
454,298721.59314,298721.59314,45.29,44.17,44.47,44.77,29-05-2020 17:00:00,-0.006723467730269217,0
455,291358.47336,291358.47336,44.88,43.15,44.77,43.86,28-05-2020 17:00:00,0.02053552926313218,1
456,282807.46234,282807.46234,44.05,42.22,43.85,42.26,27-05-2020 17:00:00,0.036933706630281726,1
457,218690.04463,218690.04463,43.07,41.76,42.27,42.99,26-05-2020 17:00:00,-0.01688991592949174,0
458,250914.52741,250914.52741,43.32,41.72,42.97,42.08,25-05-2020 17:00:00,0.02092962935744902,1
459,360333.24872,360333.24872,44.55,42.04,42.08,43.84,24-05-2020 17:00:00,-0.040974074210305744,0
460,237539.1384,237539.1384,44.74,43.67,43.85,44.22,23-05-2020 17:00:00,-0.008402456611107834,0
461,398405.53856,398405.53856,44.68,42.35,44.23,42.72,22-05-2020 17:00:00,0.03473609722829574,1
462,504821.89137,504821.89137,44.62,41.66,42.73,44.24,21-05-2020 17:00:00,-0.034728107558145815,0
463,546255.006,546255.006,46.14,43.17,44.25,45.73,20-05-2020 17:00:00,-0.0328991662160254,0
464,375917.65225,375917.65225,45.8,44.07,45.73,45.33,19-05-2020 17:00:00,0.008785472717205867,1
465,694361.60251,694361.60251,46.59,43.64,45.32,43.7,18-05-2020 17:00:00,0.03640033405826104,1
466,344498.72506,344498.72506,44.49,43.1,43.71,43.25,17-05-2020 17:00:00,0.01057967549733485,1
467,435940.40697,435940.40697,43.89,42.5,43.25,42.73,16-05-2020 17:00:00,0.012095983721954973,1
468,468836.21013,468836.21013,44.14,41.82,42.74,43.99,15-05-2020 17:00:00,-0.028827085469626645,0
469,507436.34974,507436.34974,44.38,42.21,43.98,43.18,14-05-2020 17:00:00,0.01835756003995348,1
470,404524.24723,404524.24723,43.74,41.94,43.18,42.18,13-05-2020 17:00:00,0.023431250036032747,1
471,598291.63995,598291.63995,42.88,41.26,42.18,41.49,12-05-2020 17:00:00,0.016493740705851856,1
472,955643.70805,955643.70805,42.9,39.37,41.51,42.05,11-05-2020 17:00:00,-0.012925024354009551,0
473,1404081.17548,1404081.17548,47.04,39.4,42.06,46.97,10-05-2020 17:00:00,-0.11041192976434999,0
474,656199.9985,656199.9985,49.1,46.75,46.95,47.7,09-05-2020 17:00:00,-0.01584819224002354,0
475,631882.81036,631882.81036,48.43,46.34,47.69,47.37,08-05-2020 17:00:00,0.0067326153744726724,1
476,796061.59933,796061.59933,48.22,44.37,47.37,44.92,07-05-2020 17:00:00,0.0531059870654178,1
477,466241.72785,466241.72785,47.55,44.55,44.94,46.56,06-05-2020 17:00:00,-0.035413536665999334,0
478,415057.43762,415057.43762,47.76,45.71,46.54,46.97,05-05-2020 17:00:00,-0.00919694216475797,0
479,693367.01092,693367.01092,48.2,45.11,46.96,48.07,04-05-2020 17:00:00,-0.023362106386028092,0
480,566317.38081,566317.38081,50.02,46.61,48.05,49.2,03-05-2020 17:00:00,-0.02365148808196116,0
481,408979.14996,408979.14996,49.6,46.73,49.2,47.08,02-05-2020 17:00:00,0.04404534110618652,1
482,499757.96625,499757.96625,48.27,46.3,47.07,46.33,01-05-2020 17:00:00,0.015846155984494015,1
483,1404189.5332,1404189.5332,50.8,45.59,46.33,48.81,30-04-2020 17:00:00,-0.05214551047049909,0
484,1198086.90059,1198086.90059,49.91,45.64,48.81,45.69,29-04-2020 17:00:00,0.06605575432387578,1
485,590012.52304,590012.52304,46.13,43.42,45.69,44.47,28-04-2020 17:00:00,0.02706465105257516,1
486,443570.66029,443570.66029,45.23,43.16,44.46,44.54,27-04-2020 17:00:00,-0.0017977532931707785,0
487,485605.15593,485605.15593,45.39,43.75,44.52,44.38,26-04-2020 17:00:00,0.0031496089028961727,1
488,555367.18724,555367.18724,45.58,43.84,44.38,44.52,25-04-2020 17:00:00,-0.0031496089028961727,0
489,623877.17694,623877.17694,44.99,42.83,44.53,42.98,24-04-2020 17:00:00,0.03542822811924662,1
490,639336.05312,639336.05312,43.91,40.94,42.98,41.81,23-04-2020 17:00:00,0.02759934584589052,1
491,463111.32681,463111.32681,42.32,40.27,41.8,40.59,22-04-2020 17:00:00,0.029374608679904046,1
492,346732.08492,346732.08492,41.34,40.01,40.59,40.21,21-04-2020 17:00:00,0.009406009941623772,1
493,543840.05683,543840.05683,43.24,39.55,40.21,42.23,20-04-2020 17:00:00,-0.0490151480366694,0
494,456205.81252,456205.81252,44.3,41.54,42.23,44.16,19-04-2020 17:00:00,-0.04468853302298781,0
495,497104.94271,497104.94271,44.43,41.98,44.14,42.2,18-04-2020 17:00:00,0.044946179786624185,1
496,407623.04587,407623.04587,43.01,41.61,42.19,42.52,17-04-2020 17:00:00,-0.007791327337499876,0
497,913086.97771,913086.97771,43.78,37.91,42.53,39.24,16-04-2020 17:00:00,0.08051307456837975,1
498,460328.1631,460328.1631,41.75,39.08,39.22,41.19,15-04-2020 17:00:00,-0.04900868767978883,0
499,420837.68832,420837.68832,41.85,40.47,41.22,41.2,14-04-2020 17:00:00,0.00048531910683236035,1
500,382360.32132,382360.32132,43.16,41.43,42.54,42.28,11-04-2020 17:00:00,0.006130648770054314,1
501,808081.85352,808081.85352,47.64,43.64,44.77,45.03,07-04-2020 17:00:00,-0.005790662060606078,0
502,721562.2858,721562.2858,45.09,40.28,45.04,40.31,06-04-2020 17:00:00,0.1109514067023607,1
503,231112.9573,231112.9573,41.0,39.86,40.31,40.74,05-04-2020 17:00:00,-0.010610833669585595,0
504,362602.27624,362602.27624,41.16,39.86,40.71,40.49,04-04-2020 17:00:00,0.005418732470817922,1
505,463368.1163,463368.1163,41.26,39.64,40.46,39.88,03-04-2020 17:00:00,0.014438886645961713,1
506,701573.76921,701573.76921,42.92,39.0,39.86,39.23,02-04-2020 17:00:00,0.01593155456318751,1
507,489850.01556,489850.01556,39.5,37.14,39.23,39.07,01-04-2020 17:00:00,0.004086851154482041,1
508,378426.95789,378426.95789,39.32,38.33,39.08,38.93,31-03-2020 17:00:00,0.0038456655522174366,1
509,577448.88856,577448.88856,41.04,38.09,39.17,40.56,26-03-2020 04:01:49,-0.03487121160518791,0
510,859942.52611,859942.52611,39.99,34.57,38.94,35.42,23-03-2020 17:00:00,0.09474536758936614,1
511,714342.7273,714342.7273,39.69,34.82,35.4,38.34,22-03-2020 17:00:00,-0.07978191747776986,0
512,1571300.60857,1571300.60857,43.69,34.05,38.08,38.9,20-03-2020 17:00:00,-0.021305040701236067,0
513,1044607.75726,1044607.75726,34.83,32.28,34.71,34.06,18-03-2020 17:00:00,0.018904154639152626,1
514,1624714.37584,1624714.37584,36.41,29.29,33.2,36.37,16-03-2020 17:00:00,-0.09119438307645433,0
515,1181175.59196,1181175.59196,37.65,33.8,34.4,37.51,14-03-2020 17:00:00,-0.08655099971444313,0
516,2239777.98028,2239777.98028,48.76,28.65,29.83,48.52,12-03-2020 17:00:00,-0.4864614855491922,0
517,727732.90911,727732.90911,51.39,48.86,50.26,50.37,10-03-2020 17:00:00,-0.002186227642113181,0
518,1407845.14693,1407845.14693,52.27,46.57,49.96,51.02,09-03-2020 17:00:00,-0.02099502745628845,0
519,890606.5668,890606.5668,60.47,51.0,52.49,60.46,08-03-2020 17:00:00,-0.1413593140871039,0
520,444270.53508,444270.53508,63.89,59.86,60.46,63.21,07-03-2020 17:00:00,-0.04448052713289474,0
521,469519.29565,469519.29565,63.84,61.18,63.22,62.06,06-03-2020 17:00:00,0.018519047767237673,1
522,424299.86211,424299.86211,61.78,58.71,60.38,61.02,04-03-2020 17:00:00,-0.010543755009830846,0
523,640940.77457,640940.77457,62.4,59.4,61.01,61.42,03-03-2020 17:00:00,-0.006697729848915479,0
524,660927.26176,660927.26176,62.32,57.25,61.42,57.72,02-03-2020 17:00:00,0.06213178110700657,1
525,633924.91162,633924.91162,60.28,56.21,57.7,58.05,01-03-2020 17:00:00,-0.006047534629846751,0
526,507036.86245,507036.86245,61.65,57.84,58.05,59.88,29-02-2020 17:00:00,-0.03103785140752713,0
527,1070641.27708,1070641.27708,63.39,56.56,59.89,61.76,28-02-2020 17:00:00,-0.030746359440149362,0
528,1110493.93153,1110493.93153,65.1,57.15,61.77,60.53,27-02-2020 17:00:00,0.020278699804212152,1
529,1523364.69178,1523364.69178,72.15,57.41,60.53,70.98,26-02-2020 17:00:00,-0.15925903731475444,0
530,778054.96678,778054.96678,76.08,69.54,70.98,75.57,25-02-2020 17:00:00,-0.0626612318142783,0
531,936157.25919,936157.25919,79.76,71.71,75.59,79.52,24-02-2020 17:00:00,-0.050684563044232966,0
532,666132.69507,666132.69507,80.0,74.66,79.52,74.8,23-02-2020 17:00:00,0.06119067736788697,1
533,651449.78648,651449.78648,76.79,72.32,74.79,73.25,22-02-2020 17:00:00,0.020805938306398986,1
534,627123.84133,627123.84133,75.25,68.56,73.25,69.38,21-02-2020 17:00:00,0.05427960635557305,1
535,731293.24627,731293.24627,72.43,66.1,69.4,70.61,20-02-2020 17:00:00,-0.017284910015496813,0
536,544027.83444,544027.83444,79.45,67.0,70.61,77.25,19-02-2020 17:00:00,-0.08987513824959947,0
537,713680.23162,713680.23162,79.09,70.0,77.25,73.44,18-02-2020 17:00:00,0.05057816946561999,1
538,738054.46975,738054.46975,75.5,68.51,73.41,74.66,17-02-2020 17:00:00,-0.016884307363747908,0
539,998173.25658,998173.25658,80.77,67.85,74.67,76.74,16-02-2020 17:00:00,-0.027344679771196034,0
540,704650.11923,704650.11923,83.5,75.04,76.7,83.14,15-02-2020 17:00:00,-0.080624225451281,0
541,523491.69506,523491.69506,83.79,78.61,83.14,80.55,14-02-2020 17:00:00,0.03164782420150747,1
542,1051054.7479,1051054.7479,84.32,77.15,80.55,81.2,13-02-2020 17:00:00,-0.00803713754464841,0
543,771544.88292,771544.88292,82.81,76.44,81.17,76.45,12-02-2020 17:00:00,0.059908788398012724,1
544,557017.26862,557017.26862,77.4,72.64,76.46,73.98,11-02-2020 17:00:00,0.03297294186395927,1
545,709830.62871,709830.62871,77.48,72.21,74.02,76.99,10-02-2020 17:00:00,-0.039340216331948064,0
546,475670.64062,475670.64062,78.43,75.0,77.0,76.56,09-02-2020 17:00:00,0.005730674708985362,1
547,647821.60398,647821.60398,77.94,71.53,76.56,74.31,08-02-2020 17:00:00,0.02982921497532054,1
548,542489.66181,542489.66181,75.48,72.85,74.3,73.59,07-02-2020 17:00:00,0.009601804785205559,1
549,715147.76142,715147.76142,75.08,70.91,73.6,72.59,06-02-2020 17:00:00,0.01381785443808159,1
550,646729.48877,646729.48877,73.47,67.62,72.59,68.04,05-02-2020 17:00:00,0.06473140376908848,1
551,487054.42541,487054.42541,70.5,66.62,68.07,69.65,04-02-2020 17:00:00,-0.02294611276595404,0
552,689182.24855,689182.24855,73.0,68.45,69.65,69.93,03-02-2020 17:00:00,-0.004012041489961149,0
553,818385.89212,818385.89212,73.5,67.66,69.93,70.72,02-02-2020 17:00:00,-0.011233676613612076,0
554,952836.8964,952836.8964,73.0,67.62,70.72,68.02,01-02-2020 17:00:00,0.03892663875033797,1
555,938256.78346,938256.78346,70.1,65.37,68.0,68.0,31-01-2020 17:00:00,0.0,0
556,1286322.99676,1286322.99676,70.22,58.24,67.98,59.81,30-01-2020 17:00:00,0.1280406732115047,1
557,570079.36355,570079.36355,62.56,59.4,59.8,60.54,29-01-2020 17:00:00,-0.012298642636986656,0
558,720540.74548,720540.74548,61.61,57.28,60.52,58.55,28-01-2020 17:00:00,0.03309279887642891,1
559,504725.67707,504725.67707,59.65,55.87,58.55,56.29,27-01-2020 17:00:00,0.039364190567790835,1
560,348355.26494,348355.26494,56.68,52.8,56.24,53.26,26-01-2020 17:00:00,0.054442667116623156,1
561,282004.92676,282004.92676,54.41,51.9,53.25,54.41,25-01-2020 17:00:00,-0.021550155908299118,0
562,550746.21423,550746.21423,55.41,50.64,54.38,54.52,24-01-2020 17:00:00,-0.00257116762400722,0
563,464982.43026,464982.43026,58.4,52.42,54.52,58.33,23-01-2020 17:00:00,-0.06754893393721417,0
564,218658.95477,218658.95477,59.33,57.18,58.33,57.6,22-01-2020 17:00:00,0.012593973063700581,1
565,216543.72376,216543.72376,58.09,55.91,57.57,57.19,21-01-2020 17:00:00,0.006622540760493401,1
566,262316.67258,262316.67258,58.29,55.84,57.19,57.59,20-01-2020 17:00:00,-0.006969883591356307,0
567,530916.40859,530916.40859,62.55,55.34,57.6,59.29,19-01-2020 17:00:00,-0.028918090017430842,0
568,498603.84903,498603.84903,62.5,57.9,59.32,61.05,18-01-2020 17:00:00,-0.0287466832869816,0
569,767514.50323,767514.50323,63.26,56.72,61.02,57.56,17-01-2020 17:00:00,0.058373797269356764,1
570,477991.20162,477991.20162,58.5,54.5,57.56,58.17,16-01-2020 17:00:00,-0.010541875903503417,0
571,720369.64189,720369.64189,60.33,55.28,58.16,58.37,15-01-2020 17:00:00,-0.003604225990436305,0
572,1232536.35364,1232536.35364,60.8,49.58,58.39,49.59,14-01-2020 17:00:00,0.16335544179440342,1
573,382092.95573,382092.95573,51.6,48.91,49.6,51.44,13-01-2020 17:00:00,-0.036425246198481975,0
574,533583.45808,533583.45808,51.75,48.78,51.43,49.32,12-01-2020 17:00:00,0.041891981490681296,1
575,681984.46652,681984.46652,51.95,47.77,49.3,49.06,11-01-2020 17:00:00,0.004880042218301295,1
576,729803.12291,729803.12291,49.72,43.71,49.06,44.75,10-01-2020 17:00:00,0.09195259410947854,1
577,296221.65692,296221.65692,45.79,43.9,44.74,45.35,09-01-2020 17:00:00,-0.013542220499162205,0
578,628050.68438,628050.68438,48.54,44.0,45.35,46.3,08-01-2020 17:00:00,-0.020731784531042408,0
579,493847.10532,493847.10532,47.03,44.48,46.3,45.8,07-01-2020 17:00:00,0.010857869972049183,1
580,384930.9909,384930.9909,46.08,43.16,45.8,43.29,06-01-2020 17:00:00,0.056362429666249714,1
581,291964.84958,291964.84958,44.61,42.6,43.3,42.79,05-01-2020 17:00:00,0.01184820457971858,1
582,248814.62818,248814.62818,42.9,41.77,42.78,42.23,04-01-2020 17:00:00,0.012939834708407538,1
583,426771.00676,426771.00676,42.39,38.77,42.23,39.44,03-01-2020 17:00:00,0.06835033921141731,1
584,194486.2157,194486.2157,41.74,39.17,39.43,41.58,02-01-2020 17:00:00,-0.05309233454033091,0
585,110044.87445,110044.87445,42.08,41.16,41.62,41.29,01-01-2020 17:00:00,0.007960481067489589,1
