,volume,market_cap,high,low,close,open,date,log_diff,target
0,84113.426292,84113.426292,45200.0,40675.0,42810.57,44865.26,24-09-2021 17:00:00,-0.04687874118217117,0
1,48699.57655,48699.57655,44978.0,43069.09,44865.26,43546.37,23-09-2021 17:00:00,0.02983742854042326,1
2,58349.05542,58349.05542,44000.55,40565.39,43543.61,40734.09,22-09-2021 17:00:00,0.06669763063235656,1
3,84534.080485,84534.080485,43639.0,39600.0,40734.38,43016.64,21-09-2021 17:00:00,-0.05451456426128587,0
4,78003.524443,78003.524443,47347.25,42500.0,43015.62,47241.75,20-09-2021 17:00:00,-0.09371472997414365,0
5,29847.24349,29847.24349,48372.83,46829.18,47241.75,48292.75,19-09-2021 17:00:00,-0.022003410351958408,0
6,30906.47038,30906.47038,48843.2,47035.56,48292.74,47299.98,18-09-2021 17:00:00,0.020771366136939307,1
7,34461.92776,34461.92776,48150.0,46699.56,47299.98,47737.81,17-09-2021 17:00:00,-0.0092138737122891,0
8,40725.08895,40725.08895,48557.0,47021.1,47737.82,48121.4,16-09-2021 17:00:00,-0.008003028760448672,0
9,43204.71174,43204.71174,48500.0,46682.32,48121.41,47103.28,15-09-2021 17:00:00,0.021384554759324104,1
10,44855.85099,44855.85099,47250.0,44594.44,47111.52,44940.72,14-09-2021 17:00:00,0.047173269112699145,1
11,44855.85099,44855.85099,47250.0,44594.44,47111.52,44940.72,14-09-2021 17:00:00,0.047173269112699145,1
12,65429.15056,65429.15056,46880.0,43370.0,44940.73,46025.23,13-09-2021 17:00:00,-0.023845213884758465,0
13,65429.15056,65429.15056,46880.0,43370.0,44940.73,46025.23,13-09-2021 17:00:00,-0.023845213884758465,0
14,32094.28052,32094.28052,46460.0,44742.06,46025.24,45173.68,12-09-2021 17:00:00,0.018675325312624835,1
15,32094.28052,32094.28052,46460.0,44742.06,46025.24,45173.68,12-09-2021 17:00:00,0.018675325312624835,1
16,30440.4081,30440.4081,45987.93,44722.22,45173.69,44842.2,11-09-2021 17:00:00,0.007365177381341681,1
17,30440.4081,30440.4081,45987.93,44722.22,45173.69,44842.2,11-09-2021 17:00:00,0.007365177381341681,1
18,49048.26618,49048.26618,47033.0,44132.29,44850.91,46395.14,10-09-2021 17:00:00,-0.03385083421309609,0
19,49048.26618,49048.26618,47033.0,44132.29,44850.91,46395.14,10-09-2021 17:00:00,-0.03385083421309609,0
20,50651.66002,50651.66002,47399.97,45513.08,46395.14,46048.31,09-09-2021 17:00:00,0.007503649579211569,1
21,50651.66002,50651.66002,47399.97,45513.08,46395.14,46048.31,09-09-2021 17:00:00,0.007503649579211569,1
22,65069.3152,65069.3152,47340.99,44412.02,46048.31,46868.57,08-09-2021 17:00:00,-0.017656238760192622,0
23,65069.3152,65069.3152,47340.99,44412.02,46048.31,46868.57,08-09-2021 17:00:00,-0.017656238760192622,0
24,123048.802719,123048.802719,52920.0,42843.05,46863.73,52666.2,07-09-2021 17:00:00,-0.11672985484332266,0
25,123048.802719,123048.802719,52920.0,42843.05,46863.73,52666.2,07-09-2021 17:00:00,-0.11672985484332266,0
26,49249.667081,49249.667081,52780.0,50969.33,52663.9,51756.88,06-09-2021 17:00:00,0.01737284116472182,1
27,49249.667081,49249.667081,52780.0,50969.33,52663.9,51756.88,06-09-2021 17:00:00,0.01737284116472182,1
28,40544.835873,40544.835873,51900.0,49450.0,51756.88,49917.54,05-09-2021 17:00:00,0.03618492616795521,1
29,40544.835873,40544.835873,51900.0,49450.0,51756.88,49917.54,05-09-2021 17:00:00,0.03618492616795521,1
30,34664.65959,34664.65959,50535.69,49370.0,49915.64,49998.0,04-09-2021 17:00:00,-0.0016486241248792055,0
31,34664.65959,34664.65959,50535.69,49370.0,49915.64,49998.0,04-09-2021 17:00:00,-0.0016486241248792055,0
32,59025.644157,59025.644157,51000.0,48316.84,49999.14,49246.63,03-09-2021 17:00:00,0.015164866399258514,1
33,59025.644157,59025.644157,51000.0,48316.84,49999.14,49246.63,03-09-2021 17:00:00,0.015164866399258514,1
34,54410.770538,54410.770538,50450.13,48584.06,49246.64,48810.51,02-09-2021 17:00:00,0.0088954834175059,1
35,54410.770538,54410.770538,50450.13,48584.06,49246.64,48810.51,02-09-2021 17:00:00,0.0088954834175059,1
36,49904.65528,49904.65528,49156.0,46512.0,48810.52,47100.89,01-09-2021 17:00:00,0.035653966587030794,1
37,48645.52737,48645.52737,48246.11,46700.0,47100.89,46982.91,31-08-2021 17:00:00,0.00250797824579152,1
38,40288.35083,40288.35083,48888.61,46853.0,46982.91,48767.84,30-08-2021 17:00:00,-0.037287160654820184,0
39,32652.283473,32652.283473,49632.27,47762.54,48767.83,48895.35,29-08-2021 17:00:00,-0.0026114257690359466,0
40,26681.063786,26681.063786,49299.0,48346.88,48895.35,49069.9,28-08-2021 17:00:00,-0.003563512259949775,0
41,42068.104965,42068.104965,49149.93,46348.0,49069.9,46843.86,27-08-2021 17:00:00,0.0464258686624337,1
42,49371.277774,49371.277774,49352.84,46250.0,46843.87,48973.32,26-08-2021 17:00:00,-0.044455503018914655,0
43,44655.830342,44655.830342,49264.3,47126.28,48973.32,47674.01,25-08-2021 17:00:00,0.026889274355854198,1
44,51014.594748,51014.594748,49860.0,47600.0,47674.01,49488.85,24-08-2021 17:00:00,-0.037361006005776076,0
45,52462.541954,52462.541954,50500.0,49029.0,49488.85,49239.22,23-08-2021 17:00:00,0.005056931265299269,1
46,37007.887795,37007.887795,49500.0,48050.0,49239.22,48821.88,22-08-2021 17:00:00,0.008511887379697214,1
47,46745.136584,46745.136584,49757.04,48222.0,48821.87,49322.47,21-08-2021 17:00:00,-0.010201389940110772,0
48,56850.352228,56850.352228,49382.99,46622.99,49322.47,46760.62,20-08-2021 17:00:00,0.053338362433267505,1
49,53411.75392,53411.75392,47033.0,43927.7,46760.62,44699.37,19-08-2021 17:00:00,0.045081988151387975,1
50,54099.415985,54099.415985,46000.0,44203.28,44705.29,44695.95,18-08-2021 17:00:00,0.00020894564849349706,1
51,54099.415985,54099.415985,46000.0,44203.28,44705.29,44695.95,18-08-2021 17:00:00,0.00020894564849349706,1
52,57039.341629,57039.341629,47160.0,44376.0,44695.95,45901.3,17-08-2021 17:00:00,-0.0266105456176291,0
53,57039.341629,57039.341629,47160.0,44376.0,44695.95,45901.3,17-08-2021 17:00:00,-0.0266105456176291,0
54,52480.574014,52480.574014,48053.83,45660.0,45901.29,46973.82,16-08-2021 17:00:00,-0.023097203992740845,0
55,52480.574014,52480.574014,48053.83,45660.0,45901.29,46973.82,16-08-2021 17:00:00,-0.023097203992740845,0
56,42110.711334,42110.711334,47372.27,45500.0,46973.82,47068.5,15-08-2021 17:00:00,-0.002013562234310484,0
57,42110.711334,42110.711334,47372.27,45500.0,46973.82,47068.5,15-08-2021 17:00:00,-0.002013562234310484,0
58,46114.359022,46114.359022,48144.0,45971.03,47068.51,47799.99,14-08-2021 17:00:00,-0.015421230362287375,0
59,46114.359022,46114.359022,48144.0,45971.03,47068.51,47799.99,14-08-2021 17:00:00,-0.015421230362287375,0
60,48239.370431,48239.370431,47886.0,44217.39,47800.0,44400.06,13-08-2021 17:00:00,0.07378481870879305,1
61,48239.370431,48239.370431,47886.0,44217.39,47800.0,44400.06,13-08-2021 17:00:00,0.07378481870879305,1
62,55266.108781,55266.108781,46218.12,43770.0,44399.0,45510.67,12-08-2021 17:00:00,-0.02472985729727384,0
63,55266.108781,55266.108781,46218.12,43770.0,44399.0,45510.67,12-08-2021 17:00:00,-0.02472985729727384,0
64,52734.901977,52734.901977,46743.47,45341.14,45511.0,45585.0,11-08-2021 17:00:00,-0.0016246600570184455,0
65,52734.901977,52734.901977,46743.47,45341.14,45511.0,45585.0,11-08-2021 17:00:00,-0.0016246600570184455,0
66,53814.643421,53814.643421,46700.0,44589.46,45584.99,46248.87,10-08-2021 17:00:00,-0.014458535561090002,0
67,53814.643421,53814.643421,46700.0,44589.46,45584.99,46248.87,10-08-2021 17:00:00,-0.014458535561090002,0
68,74587.884845,74587.884845,46454.15,42779.0,46253.4,43794.36,09-08-2021 17:00:00,0.054629932802045644,1
69,69329.092698,69329.092698,45310.0,43261.0,43794.37,44572.54,08-08-2021 17:00:00,-0.017612704032917037,0
70,73396.740808,73396.740808,44700.0,42446.41,44572.54,42836.87,07-08-2021 17:00:00,0.039718793988718915,1
71,75753.941347,75753.941347,43392.43,39853.86,42836.87,40862.46,06-08-2021 17:00:00,0.04718738719476967,1
72,84343.755621,84343.755621,41350.0,37332.7,40862.46,39723.17,05-08-2021 17:00:00,0.02827714850416818,1
73,52329.35243,52329.35243,39969.66,37508.56,39723.18,38207.04,04-08-2021 17:00:00,0.03891510456892533,1
74,57117.435853,57117.435853,39780.0,37642.03,38207.05,39146.86,03-08-2021 17:00:00,-0.024300161319819935,0
75,50837.351954,50837.351954,40480.01,38690.0,39147.82,39850.27,02-08-2021 17:00:00,-0.01778444300408566,0
76,53953.186326,53953.186326,42599.0,39422.01,39845.44,41461.84,01-08-2021 17:00:00,-0.03976551656873184,0
77,53953.186326,53953.186326,42599.0,39422.01,39845.44,41461.84,01-08-2021 17:00:00,-0.03976551656873184,0
78,44849.791012,44849.791012,42448.0,41000.15,41461.83,42206.36,31-07-2021 17:00:00,-0.01779767562406498,0
79,73602.784805,73602.784805,42316.71,38313.23,42206.37,40018.49,30-07-2021 17:00:00,0.05322956020846448,1
80,53998.439283,53998.439283,40640.0,39200.0,40016.48,40019.57,29-07-2021 17:00:00,-7.72152049357544e-05,0
81,53998.439283,53998.439283,40640.0,39200.0,40016.48,40019.57,29-07-2021 17:00:00,-7.72152049357544e-05,0
82,101344.528441,101344.528441,40900.0,38772.0,40019.56,39456.61,28-07-2021 17:00:00,0.014166747470442331,1
83,88397.267015,88397.267015,39542.61,36383.0,39457.87,37241.33,27-07-2021 17:00:00,0.057814354368105114,1
84,152452.512724,152452.512724,40550.0,35205.78,37237.6,35381.02,26-07-2021 17:00:00,0.05114348533727764,1
85,47852.928313,47852.928313,35398.0,33851.12,35381.02,34261.51,25-07-2021 17:00:00,0.032152951516017936,1
86,47977.550138,47977.550138,34500.0,33401.14,34258.14,33634.1,24-07-2021 17:00:00,0.018383767426104924,1
87,50112.863626,50112.863626,33650.0,31924.32,33634.09,32287.58,23-07-2021 17:00:00,0.04085749980273512,1
88,46148.092433,46148.092433,32591.35,31708.0,32287.83,32144.51,22-07-2021 17:00:00,0.004448704994112873,1
89,82796.265128,82796.265128,32858.0,29482.61,32144.51,29790.34,21-07-2021 17:00:00,0.07605749416327612,1
90,82796.265128,82796.265128,32858.0,29482.61,32144.51,29790.34,21-07-2021 17:00:00,0.07605749416327612,1
91,61034.049017,61034.049017,31063.07,29278.0,29790.35,30839.65,20-07-2021 17:00:00,-0.034616684167989575,0
92,61034.049017,61034.049017,31063.07,29278.0,29790.35,30839.65,20-07-2021 17:00:00,-0.034616684167989575,0
93,47340.468499,47340.468499,31899.0,30407.44,30839.65,31778.57,19-07-2021 17:00:00,-0.029990963509620272,0
94,47340.468499,47340.468499,31899.0,30407.44,30839.65,31778.57,19-07-2021 17:00:00,-0.029990963509620272,0
95,35923.716186,35923.716186,32435.0,31108.97,31778.56,31520.07,18-07-2021 17:00:00,0.008167362765901132,1
96,35923.716186,35923.716186,32435.0,31108.97,31778.56,31520.07,18-07-2021 17:00:00,0.008167362765901132,1
97,34012.242132,34012.242132,31955.92,31164.31,31520.07,31383.86,17-07-2021 17:00:00,0.004330737773875271,1
98,48499.864154,48499.864154,32249.18,31020.0,31383.87,31874.49,16-07-2021 17:00:00,-0.015511936689998507,0
99,51639.576353,51639.576353,33185.25,31133.0,31880.0,32820.03,15-07-2021 17:00:00,-0.029060145816295346,0
100,46777.823484,46777.823484,33114.03,31550.0,32820.02,32729.12,14-07-2021 17:00:00,0.0027734935429801766,1
101,41126.361008,41126.361008,33340.0,32202.25,32729.77,33086.94,13-07-2021 17:00:00,-0.010853581293220671,0
102,48181.403762,48181.403762,34678.43,32658.34,33086.63,34259.0,12-07-2021 17:00:00,-0.03482003062200789,0
103,31572.647448,31572.647448,34666.0,33306.47,34258.99,33502.87,11-07-2021 17:00:00,0.02231790521454613,1
104,34761.175468,34761.175468,34262.0,33004.78,33502.87,33815.81,10-07-2021 17:00:00,-0.009297337803435113,0
105,47153.939899,47153.939899,34100.0,32261.07,33815.81,32875.71,09-07-2021 17:00:00,0.028194357383748425,1
106,70136.48032,70136.48032,33929.64,32077.0,32875.71,33862.11,08-07-2021 17:00:00,-0.02956260295699309,0
107,53807.521675,53807.521675,35059.09,33777.77,33862.12,34220.02,07-07-2021 17:00:00,-0.010513867422247358,0
108,58210.596349,58210.596349,35118.88,33532.0,34220.01,33690.15,06-07-2021 17:00:00,0.01560505092247233,1
109,64123.874245,64123.874245,35293.78,33125.55,33690.14,35288.13,05-07-2021 17:00:00,-0.04634143382214795,0
110,43703.475789,43703.475789,35967.85,34357.15,35286.51,34669.12,04-07-2021 17:00:00,0.017651360725681187,1
111,56172.181378,56172.181378,33977.04,32699.0,33786.55,33502.33,02-07-2021 17:00:00,0.008447805648955864,1
112,56172.181378,56172.181378,33977.04,32699.0,33786.55,33502.33,02-07-2021 17:00:00,0.008447805648955864,1
113,71708.266112,71708.266112,35057.57,32711.0,33504.69,35045.0,01-07-2021 17:00:00,-0.0449475209203527,0
114,71708.266112,71708.266112,35057.57,32711.0,33504.69,35045.0,01-07-2021 17:00:00,-0.0449475209203527,0
115,77152.197634,77152.197634,36100.0,34017.55,35045.0,35911.72,30-06-2021 17:00:00,-0.024430754660235365,0
116,90788.79622,90788.79622,36600.0,34225.43,35911.73,34494.89,29-06-2021 17:00:00,0.040252785948073466,1
117,82222.267819,82222.267819,35297.71,33862.72,34494.89,34702.49,28-06-2021 17:00:00,-0.006000245178373831,0
118,82222.267819,82222.267819,35297.71,33862.72,34494.89,34702.49,28-06-2021 17:00:00,-0.006000245178373831,0
119,96613.244211,96613.244211,34749.0,31973.45,34700.34,32283.65,27-06-2021 17:00:00,0.07218857505595366,1
120,96613.244211,96613.244211,34749.0,31973.45,34700.34,32283.65,27-06-2021 17:00:00,0.07218857505595366,1
121,107820.375287,107820.375287,32730.0,30151.0,32283.65,31576.09,26-06-2021 17:00:00,0.02216072149724191,1
122,116061.130356,116061.130356,35500.0,31275.0,31584.45,34663.08,25-06-2021 17:00:00,-0.09301023271235032,0
123,86625.80426,86625.80426,35298.0,32286.57,34663.09,33675.07,24-06-2021 17:00:00,0.028917631085970896,1
124,126966.100563,126966.100563,34881.0,31683.0,33678.07,32509.56,23-06-2021 17:00:00,0.03531268376709562,1
125,204208.179762,204208.179762,33298.78,28805.0,32509.56,31614.12,22-06-2021 17:00:00,0.02793034369240921,1
126,204208.179762,204208.179762,33298.78,28805.0,32509.56,31614.12,22-06-2021 17:00:00,0.02793034369240921,1
127,168778.873159,168778.873159,35750.0,31251.23,31608.93,35600.17,21-06-2021 17:00:00,-0.11891073752033599,0
128,168778.873159,168778.873159,35750.0,31251.23,31608.93,35600.17,21-06-2021 17:00:00,-0.11891073752033599,0
129,89878.17085,89878.17085,36137.72,33336.0,35600.16,35483.72,20-06-2021 17:00:00,0.003276132483096106,1
130,68712.449461,68712.449461,36457.0,34803.52,35483.72,35820.48,19-06-2021 17:00:00,-0.009445797130979372,0
131,95228.042935,95228.042935,38202.84,35129.29,35819.84,38092.97,18-06-2021 17:00:00,-0.061527820827823376,0
132,79541.307119,79541.307119,39559.88,37365.0,38092.97,38349.0,17-06-2021 17:00:00,-0.006698701181916178,0
133,87771.976937,87771.976937,40527.14,38116.01,38349.01,40143.8,16-06-2021 17:00:00,-0.04573929493013473,0
134,87771.976937,87771.976937,40527.14,38116.01,38349.01,40143.8,16-06-2021 17:00:00,-0.04573929493013473,0
135,80679.622838,80679.622838,41330.0,39506.4,40144.04,40516.28,15-06-2021 17:00:00,-0.009229882614221196,0
136,108522.391949,108522.391949,41064.05,38730.0,40516.29,39020.56,14-06-2021 17:00:00,0.0376154287585031,1
137,86921.025555,86921.025555,39380.0,34757.0,39020.57,35546.12,13-06-2021 17:00:00,0.09325793474228128,1
138,87717.54999,87717.54999,37463.63,34600.36,35546.11,37331.98,12-06-2021 17:00:00,-0.04901960505525693,0
139,78466.0053,78466.0053,37680.4,35936.77,37331.98,36677.83,11-06-2021 17:00:00,0.017677846637056405,1
140,109527.284943,109527.284943,38491.0,35782.0,36675.72,37388.05,10-06-2021 17:00:00,-0.01923617890874496,0
141,136607.597517,136607.597517,37534.79,32396.82,37388.05,33380.8,09-06-2021 17:00:00,0.11337025025345504,1
142,123251.189037,123251.189037,34068.01,31000.0,33380.81,33556.96,08-06-2021 17:00:00,-0.005263109500583951,0
143,77574.952573,77574.952573,36900.0,33300.0,33552.79,35796.31,07-06-2021 17:00:00,-0.06472479604498638,0
144,47650.206637,47650.206637,36480.0,35222.0,35796.31,35516.07,06-06-2021 17:00:00,0.007859545357796094,1
145,70459.62149,70459.62149,37925.0,34800.0,35513.2,36829.15,05-06-2021 17:00:00,-0.036385192823697565,0
146,91317.799245,91317.799245,39289.07,35555.15,36829.0,39246.78,04-06-2021 17:00:00,-0.06358382433662157,0
147,75889.106011,75889.106011,39476.0,37170.0,39246.79,37568.68,03-06-2021 17:00:00,0.043698932891587106,1
148,67587.372495,67587.372495,38225.0,35920.0,37568.68,36694.85,02-06-2021 17:00:00,0.02353430631459652,1
149,81234.66377,81234.66377,37894.81,35666.0,36693.09,37253.82,01-06-2021 17:00:00,-0.015166035948976031,0
150,94160.735289,94160.735289,37499.0,34153.84,37253.81,35641.26,31-05-2021 17:00:00,0.04425026596128667,1
151,94160.735289,94160.735289,37499.0,34153.84,37253.81,35641.26,31-05-2021 17:00:00,0.04425026596128667,1
152,73535.386967,73535.386967,36488.0,33379.0,35641.27,34605.15,30-05-2021 17:00:00,0.02950172116854155,1
153,73535.386967,73535.386967,36488.0,33379.0,35641.27,34605.15,30-05-2021 17:00:00,0.02950172116854155,1
154,112663.092689,112663.092689,37338.58,33632.76,34605.15,35661.79,29-05-2021 17:00:00,-0.030077292555420243,0
155,135377.62972,135377.62972,38877.83,34684.0,35663.49,38529.99,28-05-2021 17:00:00,-0.07730942269333418,0
156,86547.158794,86547.158794,40411.14,37134.27,38529.98,39241.92,27-05-2021 17:00:00,-0.018308923601868088,0
157,86547.158794,86547.158794,40411.14,37134.27,38529.98,39241.92,27-05-2021 17:00:00,-0.018308923601868088,0
158,104780.773396,104780.773396,40841.0,37800.44,39241.91,38324.72,26-05-2021 17:00:00,0.02365018953907594,1
159,111996.228404,111996.228404,39791.77,36419.62,38324.72,38810.99,25-05-2021 17:00:00,-0.012608335149813854,0
160,161630.893971,161630.893971,39920.0,34031.0,38796.29,34681.44,24-05-2021 17:00:00,0.11211994995912633,1
161,217136.046593,217136.046593,38270.64,31111.01,34655.25,37458.51,23-05-2021 17:00:00,-0.07778469115388731,0
162,126542.243689,126542.243689,38829.0,35200.62,37449.73,37263.35,22-05-2021 17:00:00,0.004989230443198878,1
163,202100.888258,202100.888258,42200.0,33488.0,37252.01,40525.39,21-05-2021 17:00:00,-0.0842227881631743,0
164,202100.888258,202100.888258,42200.0,33488.0,37252.01,40525.39,21-05-2021 17:00:00,-0.0842227881631743,0
165,203017.596923,203017.596923,42451.67,34850.0,40526.64,36671.23,20-05-2021 17:00:00,0.09996701172335243,1
166,354347.243161,354347.243161,43584.9,30000.0,36690.09,42849.78,19-05-2021 17:00:00,-0.15519381949293098,0
167,116979.860784,116979.860784,45799.29,42250.02,42849.78,43538.02,18-05-2021 17:00:00,-0.01593406850589041,0
168,166657.172736,166657.172736,46686.0,42001.0,43538.04,46426.83,17-05-2021 17:00:00,-0.06424248616270845,0
169,114269.812775,114269.812775,49795.89,43825.39,46431.5,46762.99,16-05-2021 17:00:00,-0.007113969892818872,0
170,89437.449359,89437.449359,50700.0,46555.0,46762.99,49844.16,15-05-2021 17:00:00,-0.06380925998966092,0
171,89437.449359,89437.449359,50700.0,46555.0,46762.99,49844.16,15-05-2021 17:00:00,-0.06380925998966092,0
172,80082.204306,80082.204306,51483.0,48799.75,49841.45,49671.92,14-05-2021 17:00:00,0.003407183657929025,1
173,147332.002121,147332.002121,51367.19,46000.0,49670.97,49537.15,13-05-2021 17:00:00,0.002697764682187298,1
174,99842.789836,99842.789836,58000.01,48600.0,49631.32,56670.02,12-05-2021 17:00:00,-0.13262323703977863,0
175,64329.54055,64329.54055,56862.43,54370.0,56670.02,55816.14,11-05-2021 17:00:00,0.015182248226727424,1
176,89586.34925,89586.34925,59500.0,53400.0,55816.14,58240.83,10-05-2021 17:00:00,-0.04252358028535319,0
177,69806.11991,69806.11991,59300.0,56235.66,58240.84,58866.53,09-05-2021 17:00:00,-0.01068585100690811,0
178,69709.906028,69709.906028,59500.0,56900.0,58862.05,57315.49,08-05-2021 17:00:00,0.02662565182939325,1
179,74542.747829,74542.747829,58650.0,55241.63,57314.75,56393.68,07-05-2021 17:00:00,0.016200912209964002,1
180,70181.671908,70181.671908,58360.0,55200.0,56393.68,57436.11,06-05-2021 17:00:00,-0.018316104117849008,0
181,77263.923439,77263.923439,58069.82,52900.0,57436.11,53205.05,05-05-2021 17:00:00,0.07651988295089396,1
182,85324.625903,85324.625903,57200.0,53046.69,53200.01,57169.39,04-05-2021 17:00:00,-0.07196003096966841,0
183,57649.931286,57649.931286,58981.44,56435.0,57169.39,56578.21,03-05-2021 17:00:00,0.01039468653491582,1
184,36812.878863,36812.878863,57911.02,56035.25,56578.21,57797.35,02-05-2021 17:00:00,-0.021318998124169042,0
185,42600.351836,42600.351836,58458.07,56956.14,57800.37,57697.25,01-05-2021 17:00:00,0.0017856649756193832,1
186,42600.351836,42600.351836,58458.07,56956.14,57800.37,57697.25,01-05-2021 17:00:00,0.0017856649756193832,1
187,68578.910045,68578.910045,57963.0,53013.01,57694.27,53555.0,30-04-2021 17:00:00,0.07444869860711911,1
188,52486.019455,52486.019455,55195.84,52330.94,53555.0,54846.23,29-04-2021 17:00:00,-0.023824288234500557,0
189,55130.459015,55130.459015,56428.0,53813.16,54846.22,55011.97,28-04-2021 17:00:00,-0.003017528793609614,0
190,55130.459015,55130.459015,56428.0,53813.16,54846.22,55011.97,28-04-2021 17:00:00,-0.003017528793609614,0
191,54064.034675,54064.034675,55460.0,53222.0,55011.97,54001.38,27-04-2021 17:00:00,0.018541196123457837,1
192,54064.034675,54064.034675,55460.0,53222.0,55011.97,54001.38,27-04-2021 17:00:00,0.018541196123457837,1
193,86310.802124,86310.802124,54356.62,48753.44,54001.39,49066.76,26-04-2021 17:00:00,0.09582796717495867,1
194,58255.645004,58255.645004,50567.91,46930.0,49066.77,50047.84,25-04-2021 17:00:00,-0.019797324384079218,0
195,55361.512573,55361.512573,51166.22,48657.14,50047.84,51110.56,24-04-2021 17:00:00,-0.021011781493303516,0
196,132230.780719,132230.780719,52131.85,47500.0,51125.14,51690.95,23-04-2021 17:00:00,-0.011006365090208803,0
197,104656.631337,104656.631337,55521.48,50500.0,51690.96,53787.62,22-04-2021 17:00:00,-0.03976041787067963,0
198,66984.756909,66984.756909,56757.91,53536.02,53787.63,56425.0,21-04-2021 17:00:00,-0.047868807623373755,0
199,72744.482151,72744.482151,57076.24,53329.96,56425.0,55633.14,20-04-2021 17:00:00,0.014133255844770432,1
200,78229.042267,78229.042267,57526.81,54221.58,55633.14,56150.01,19-04-2021 17:00:00,-0.009247792419996514,0
201,124882.131824,124882.131824,60499.0,50931.3,56150.01,60006.67,18-04-2021 17:00:00,-0.06642886343138521,0
202,58912.256128,58912.256128,62506.05,59580.91,60006.66,61334.81,17-04-2021 17:00:00,-0.02189198867595188,0
203,91764.139884,91764.139884,63520.61,60000.0,61334.8,63158.74,16-04-2021 17:00:00,-0.029303858154985818,0
204,51649.70034,51649.70034,63800.0,62020.0,63159.98,62959.53,15-04-2021 17:00:00,0.003178733707175141,1
205,82616.343993,82616.343993,64854.0,61301.0,62959.53,63575.01,14-04-2021 17:00:00,-0.009728329578599926,0
206,82848.688746,82848.688746,63777.77,59805.15,63575.0,59860.01,13-04-2021 17:00:00,0.06021164182718053,1
207,56375.037117,56375.037117,61300.0,59350.59,59860.0,59998.8,12-04-2021 17:00:00,-0.002316059597545106,0
208,41156.715391,41156.715391,60699.0,59232.52,60002.43,59769.13,11-04-2021 17:00:00,0.0038957544689939283,1
209,69906.424117,69906.424117,61500.0,57900.01,59769.13,58142.55,10-04-2021 17:00:00,0.027591553114955758,1
210,40831.884911,40831.884911,58894.9,57654.0,58142.54,58077.52,09-04-2021 17:00:00,0.0011189119465875308,1
211,44283.147019,44283.147019,58153.31,55700.0,58077.52,55953.44,08-04-2021 17:00:00,0.03725875354507835,1
212,71228.405659,71228.405659,58655.0,55473.0,55953.45,57990.03,07-04-2021 17:00:00,-0.03575100416349919,0
213,54201.000727,54201.000727,59495.24,57413.02,57991.15,59129.99,06-04-2021 17:00:00,-0.019447828016769364,0
214,54258.01579,54258.01579,59272.0,56777.77,59129.99,58202.01,05-04-2021 17:00:00,0.015818350490324207,1
215,41314.081973,41314.081973,58492.85,56388.0,58202.01,57051.95,04-04-2021 17:00:00,0.01995763395618333,1
216,47409.852113,47409.852113,59791.72,56880.0,57051.94,58950.01,03-04-2021 17:00:00,-0.03272771563018573,0
217,47409.852113,47409.852113,59791.72,56880.0,57051.94,58950.01,03-04-2021 17:00:00,-0.03272771563018573,0
218,47382.418781,47382.418781,60200.0,58428.57,58950.01,58720.45,02-04-2021 17:00:00,0.0039017488540160628,1
219,47415.61722,47415.61722,59490.0,57935.45,58720.44,58739.46,01-04-2021 17:00:00,-0.00032385520788302813,0
220,60975.542666,60975.542666,59800.0,56769.0,58740.55,58746.57,31-03-2021 17:00:00,-0.0001024793186736872,0
221,55122.443122,55122.443122,59368.0,57071.35,58746.57,57635.46,30-03-2021 17:00:00,0.019094765058680352,1
222,67857.937398,67857.937398,58405.82,54800.01,57635.47,55777.65,29-03-2021 17:00:00,0.03276492527056263,1
223,39050.387511,39050.387511,56559.75,54691.84,55777.63,55817.14,28-03-2021 17:00:00,-0.0007080977298628,0
224,50105.475055,50105.475055,56700.36,53950.0,55817.14,55025.59,27-03-2021 17:00:00,0.014282640925522117,1
225,63813.774692,63813.774692,55073.46,51214.6,55025.59,51293.78,26-03-2021 17:00:00,0.07022885249165967,1
226,87400.534538,87400.534538,53287.0,50427.56,51293.78,52303.66,25-03-2021 17:00:00,-0.019496852239578644,0
227,83537.465021,83537.465021,57200.0,51700.0,52303.65,54342.8,24-03-2021 17:00:00,-0.03824597178001454,0
228,59789.365427,59789.365427,55830.9,53000.0,54340.89,54083.25,23-03-2021 17:00:00,0.004752456139707206,1
229,62581.626169,62581.626169,58430.73,53650.0,54083.25,57351.56,22-03-2021 17:00:00,-0.058675518517517844,0
230,48564.470274,48564.470274,58589.1,55450.11,57351.56,58100.02,21-03-2021 17:00:00,-0.012965963491513577,0
231,48564.470274,48564.470274,58589.1,55450.11,57351.56,58100.02,21-03-2021 17:00:00,-0.012965963491513577,0
232,44476.941776,44476.941776,59880.0,57820.17,58102.28,58030.01,20-03-2021 17:00:00,0.0012446152457563642,1
233,44476.941776,44476.941776,59880.0,57820.17,58102.28,58030.01,20-03-2021 17:00:00,0.0012446152457563642,1
234,52392.652961,52392.652961,59468.0,56270.74,58030.01,57641.0,19-03-2021 17:00:00,0.006726170483181804,1
235,52392.652961,52392.652961,59468.0,56270.74,58030.01,57641.0,19-03-2021 17:00:00,0.006726170483181804,1
236,66580.406675,66580.406675,60129.97,57023.0,57648.16,58912.97,18-03-2021 17:00:00,-0.02170294068462475,0
237,70421.620841,70421.620841,58974.73,54123.69,58912.97,56900.74,17-03-2021 17:00:00,0.034752923831275595,1
238,77986.694355,77986.694355,56938.29,53271.34,56900.75,55605.2,16-03-2021 17:00:00,0.02303180000156324,1
239,102771.427298,102771.427298,60633.43,54600.0,55605.2,58976.08,15-03-2021 17:00:00,-0.05885521590730036,0
240,81914.812859,81914.812859,58150.0,54272.82,57773.16,55851.59,11-03-2021 17:00:00,0.03382631374464218,1
241,84749.238943,84749.238943,57387.69,53005.0,55851.59,54874.67,10-03-2021 17:00:00,0.017646136513842947,1
242,82649.716829,82649.716829,51773.88,47500.0,48374.09,50349.37,04-03-2021 17:00:00,-0.04002176686968184,0
243,81035.913705,81035.913705,52640.0,48100.71,50349.37,48436.61,03-03-2021 17:00:00,0.03873017392197298,1
244,64221.06214,64221.06214,50200.0,47047.6,48440.65,49595.76,02-03-2021 17:00:00,-0.023566008948835204,0
245,66060.834292,66060.834292,48394.0,45000.0,46106.43,46276.88,27-02-2021 17:00:00,-0.0036900646537159076,0
246,109423.200663,109423.200663,48424.11,44106.78,46276.87,47073.73,26-02-2021 17:00:00,-0.01707282772111718,0
247,97154.1822,97154.1822,47310.0,43727.0,44807.58,46420.42,10-02-2021 17:00:00,-0.035362127092163576,0
248,115499.861712,115499.861712,48142.19,44961.09,46420.42,46374.86,09-02-2021 17:00:00,0.0009819465744556055,1
249,92080.735898,92080.735898,38708.27,36161.95,36936.66,37620.26,04-02-2021 17:00:00,-0.018338181275456833,0
250,80784.333663,80784.333663,37662.63,35362.38,37618.87,35472.71,03-02-2021 17:00:00,0.058742117746769296,1
251,78056.65988,78056.65988,35984.33,33418.0,35466.24,33517.09,02-02-2021 17:00:00,0.05652580008902319,1
252,82718.276882,82718.276882,34717.27,32296.16,33526.37,33092.97,01-02-2021 17:00:00,0.013011420240070848,1
253,68742.280384,68742.280384,34342.69,32171.67,33092.98,34262.89,31-01-2021 17:00:00,-0.03474166897340858,0
254,84889.68134,84889.68134,34933.0,32825.0,34262.88,34246.28,30-01-2021 17:00:00,0.0004846067394446152,1
255,95911.961711,95911.961711,32557.29,29241.72,30366.15,32464.01,27-01-2021 17:00:00,-0.06680358993389923,0
256,84972.20691,84972.20691,32921.88,30837.37,32467.77,32254.19,26-01-2021 17:00:00,0.006599947692640384,1
257,88499.226921,88499.226921,34875.0,31910.0,32254.2,32259.45,25-01-2021 17:00:00,-0.00016275625426942497,0
258,57978.037966,57978.037966,33071.0,30900.0,32259.9,32078.0,24-01-2021 17:00:00,0.005654535963060425,1
259,64595.287675,64595.287675,33456.0,31390.16,32078.0,32950.0,23-01-2021 17:00:00,-0.026820824033329416,0
260,142971.684049,142971.684049,33826.53,28850.0,32945.17,30851.99,22-01-2021 17:00:00,0.06564341052420986,1
261,131803.182926,131803.182926,35600.0,30071.0,30850.13,35468.23,21-01-2021 17:00:00,-0.1394964019344247,0
262,79611.307769,79611.307769,37850.0,35844.06,35891.49,36622.46,19-01-2021 17:00:00,-0.020161493356157578,0
263,70698.11875,70698.11875,37469.83,34800.0,36631.27,35824.99,18-01-2021 17:00:00,0.02225655264485482,1
264,80157.727384,80157.727384,36852.5,33850.0,35828.61,35994.98,17-01-2021 17:00:00,-0.004632748030489964,0
265,86348.431508,86348.431508,37950.0,35357.8,35994.98,36737.43,16-01-2021 17:00:00,-0.020416642044830624,0
266,118300.920916,118300.920916,39747.76,34408.0,36742.22,39145.21,15-01-2021 17:00:00,-0.06335156244848328,0
267,102950.389421,102950.389421,40100.0,36701.23,39144.5,37371.38,14-01-2021 17:00:00,0.046354756422230636,1
268,124477.914938,124477.914938,37850.0,32380.0,37371.38,34049.15,13-01-2021 17:00:00,0.09310010183804351,1
269,133948.151996,133948.151996,36628.0,32531.0,34051.24,35410.37,12-01-2021 17:00:00,-0.03913826612870963,0
270,249131.539943,249131.539943,38264.74,30420.0,35404.47,38150.02,11-01-2021 17:00:00,-0.0746881986220913,0
271,118209.544503,118209.544503,41350.0,35111.11,38150.02,40088.22,10-01-2021 17:00:00,-0.049556243592201454,0
272,139789.957499,139789.957499,41950.0,36500.0,40582.81,39432.48,08-01-2021 17:00:00,0.028754735750714744,1
273,132825.700437,132825.700437,40365.0,36300.0,39432.28,36769.36,07-01-2021 17:00:00,0.06991988054158327,1
274,127139.20131,127139.20131,36939.21,33288.0,36769.36,33949.53,06-01-2021 17:00:00,0.07978987964728823,1
275,116049.997038,116049.997038,34360.0,29900.0,33949.53,31989.75,05-01-2021 17:00:00,0.0594594710320866,1
276,140899.88569,140899.88569,33600.0,28130.0,31988.71,33000.05,04-01-2021 17:00:00,-0.031126048570094156,0
277,120957.56675,120957.56675,34778.11,31962.99,33000.05,32176.45,03-01-2021 17:00:00,0.02527425810503381,1
278,129993.873362,129993.873362,33300.0,28946.53,32178.33,29331.7,02-01-2021 17:00:00,0.09262440218866885,1
279,95356.057826,95356.057826,28996.0,27320.0,28875.54,27385.0,30-12-2020 17:00:00,0.05299945173010734,1
280,69411.592606,69411.592606,27410.0,25880.0,27385.0,27079.42,29-12-2020 17:00:00,0.01122138844165832,1
281,79721.742496,79721.742496,27500.0,26101.0,27079.41,26281.54,28-12-2020 17:00:00,0.029906868914729046,1
282,97806.513386,97806.513386,26867.03,24500.0,26493.39,24712.47,26-12-2020 17:00:00,0.06958729338063563,1
283,76690.145685,76690.145685,24295.0,23060.0,23455.52,23821.6,20-12-2020 17:00:00,-0.015486870468675917,0
284,184882.476748,184882.476748,23800.0,21230.0,22797.16,21335.52,17-12-2020 17:00:00,0.06626267735967417,1
285,114306.33557,114306.33557,21560.0,19278.6,21335.52,19426.43,16-12-2020 17:00:00,0.09373877942102915,1
286,61834.366011,61834.366011,19570.0,19050.0,19426.43,19273.69,15-12-2020 17:00:00,0.007893556561537451,1
287,47257.201294,47257.201294,19349.0,19000.0,19273.14,19174.99,14-12-2020 17:00:00,0.0051055909978821035,1
288,56560.821744,56560.821744,19411.0,18711.12,19174.99,18808.69,13-12-2020 17:00:00,0.019287828659587447,1
289,52890.675094,52890.675094,18557.32,17911.12,18254.63,18541.29,10-12-2020 17:00:00,-0.015581390522626748,0
290,79585.553801,79585.553801,18639.57,17650.0,18541.28,18324.11,09-12-2020 17:00:00,0.011781918605684893,1
291,61626.947614,61626.947614,19294.84,18200.0,18324.11,19166.9,08-12-2020 17:00:00,-0.04496715391155881,0
292,41372.296293,41372.296293,19420.91,18902.88,19166.9,19358.67,07-12-2020 17:00:00,-0.009955548167345896,0
293,37043.091861,37043.091861,19420.0,18857.0,19359.4,19147.66,06-12-2020 17:00:00,0.010997574683671019,1
294,42922.748573,42922.748573,19177.0,18500.0,19147.66,18650.51,05-12-2020 17:00:00,0.026307023388531192,1
295,66689.391279,66689.391279,19598.0,18867.2,19421.9,19204.08,03-12-2020 17:00:00,0.011278538899768265,1
296,75911.013478,75911.013478,19342.0,18330.0,19204.09,18764.96,02-12-2020 17:00:00,0.023131976224672002,1
297,127698.762652,127698.762652,19888.0,18001.12,18764.96,19695.87,01-12-2020 17:00:00,-0.04841766813869519,0
298,115463.466888,115463.466888,19863.16,18184.99,19695.87,18185.0,30-11-2020 17:00:00,0.07981189065642447,1
299,115463.466888,115463.466888,19863.16,18184.99,19695.87,18185.0,30-11-2020 17:00:00,0.07981189065642447,1
300,64910.69997,64910.69997,17880.49,16865.56,17719.85,17139.53,28-11-2020 17:00:00,0.033297988573027126,1
301,85297.024787,85297.024787,17457.62,16438.08,17139.52,17149.47,27-11-2020 17:00:00,-0.0005803612342791808,0
302,181005.246693,181005.246693,18915.03,16188.0,17149.47,18718.83,26-11-2020 17:00:00,-0.08756269975190989,0
303,93266.576887,93266.576887,19484.21,18500.27,18719.11,19160.0,25-11-2020 17:00:00,-0.023279845358501916,0
304,113581.509241,113581.509241,19418.97,18018.0,19160.01,18368.01,24-11-2020 17:00:00,0.04221472990115238,1
305,2460.231248,2460.231248,18523.09,18186.55,18260.13,18413.88,23-11-2020 17:00:00,-0.008384733535592659,0
306,75577.458394,75577.458394,18965.9,18308.58,18703.8,18655.66,21-11-2020 17:00:00,0.0025771264704470553,1
307,88423.018489,88423.018489,18815.22,17740.04,18655.67,17802.81,20-11-2020 17:00:00,0.0467938113252071,1
308,93009.561008,93009.561008,18179.8,17335.65,17802.82,17777.75,19-11-2020 17:00:00,0.0014091963197184754,1
309,149019.788134,149019.788134,18476.93,17214.45,17776.12,17659.38,18-11-2020 17:00:00,0.006588896577797598,1
310,149019.788134,149019.788134,18476.93,17214.45,17776.12,17659.38,18-11-2020 17:00:00,0.006588896577797598,1
311,115221.403102,115221.403102,17858.82,16538.0,17659.38,16713.08,17-11-2020 17:00:00,0.05507544058343328,1
312,43596.841513,43596.841513,16180.0,15774.72,15957.0,16069.56,15-11-2020 17:00:00,-0.007029194734711197,0
313,78469.746458,78469.746458,15965.0,15272.68,15684.24,15297.21,11-11-2020 17:00:00,0.024985927702934063,1
314,61681.919606,61681.919606,15460.0,15072.46,15297.21,15328.41,10-11-2020 17:00:00,-0.002037510476116111,0
315,108976.334134,108976.334134,15840.0,14805.54,15328.41,15475.1,09-11-2020 17:00:00,-0.009524311280310727,0
316,65547.178574,65547.178574,15650.0,14703.88,15475.1,14818.3,08-11-2020 17:00:00,0.04336937714861122,1
317,101431.206553,101431.206553,15753.52,14344.22,14818.3,15579.93,07-11-2020 17:00:00,-0.05012064405613259,0
318,122618.197695,122618.197695,15960.0,15166.0,15579.92,15590.02,06-11-2020 17:00:00,-0.0006480603012697372,0
319,93016.988262,93016.988262,14259.0,13525.0,14144.01,14023.53,04-11-2020 17:00:00,0.008554579827325881,1
320,74115.630787,74115.630787,14066.11,13284.99,14023.53,13549.63,03-11-2020 17:00:00,0.034377392401463425,1
321,64566.421908,64566.421908,13830.0,13195.05,13549.37,13761.49,02-11-2020 17:00:00,-0.01553405974666866,0
322,36285.648526,36285.648526,13895.0,13603.0,13761.5,13791.0,01-11-2020 17:00:00,-0.0021413673004317957,0
323,67339.238515,67339.238515,14100.0,13411.5,13791.0,13560.1,31-10-2020 17:00:00,0.01688454837587372,1
324,70657.778881,70657.778881,13669.98,13115.0,13560.1,13455.69,30-10-2020 17:00:00,0.007729592201053848,1
325,94440.561226,94440.561226,13859.48,12888.0,13266.4,13636.16,28-10-2020 17:00:00,-0.027490564935297,0
326,80796.553996,80796.553996,13789.29,13019.87,13636.17,13052.15,27-10-2020 17:00:00,0.04377295004045756,1
327,60951.672986,60951.672986,13238.81,12765.0,13052.19,13029.64,26-10-2020 17:00:00,0.0017291735755353699,1
328,38481.579504,38481.579504,13350.0,12888.0,13028.83,13111.73,25-10-2020 17:00:00,-0.00634265508596954,0
329,50386.999841,50386.999841,13027.69,12720.08,12923.07,12968.84,23-10-2020 17:00:00,-0.0035354709386350436,0
330,70038.824144,70038.824144,13185.0,12678.08,12968.52,12780.75,22-10-2020 17:00:00,0.014584749660473406,1
331,114584.456767,114584.456767,13217.68,11886.95,12780.96,11910.0,21-10-2020 17:00:00,0.07057818013190342,1
332,62134.750663,62134.750663,12038.38,11677.59,11909.99,11751.46,20-10-2020 17:00:00,0.013400055546028966,1
333,47414.534692,47414.534692,11823.99,11407.96,11751.47,11503.14,19-10-2020 17:00:00,0.021358297570117202,1
334,23284.041191,23284.041191,11505.0,11346.22,11503.14,11360.31,18-10-2020 17:00:00,0.012494339924810305,1
335,22368.915241,22368.915241,11402.42,11255.0,11360.2,11319.24,17-10-2020 17:00:00,0.0036120860598245486,1
336,48797.749502,48797.749502,11541.15,11200.0,11319.32,11505.13,16-10-2020 17:00:00,-0.016282022559174436,0
337,41415.106015,41415.106015,11547.98,11280.0,11417.89,11420.57,14-10-2020 17:00:00,-0.0002346918323130609,0
338,42205.283709,42205.283709,11557.0,11300.0,11420.56,11528.24,13-10-2020 17:00:00,-0.009384437553107361,0
339,52825.28371,52825.28371,11720.01,11172.0,11528.25,11369.02,12-10-2020 17:00:00,0.013908432475920662,1
340,29043.851339,29043.851339,11445.0,11221.0,11369.02,11293.22,11-10-2020 17:00:00,0.006689566668830693,1
341,43648.036943,43648.036943,11491.0,11050.51,11293.22,11050.64,10-10-2020 17:00:00,0.021714200807679163,1
342,51959.691572,51959.691572,10950.0,10530.41,10925.57,10666.4,08-10-2020 17:00:00,0.02400729971457416,1
343,32811.990279,32811.990279,10681.87,10546.17,10666.39,10599.65,07-10-2020 17:00:00,0.006276694590271248,1
344,48674.740471,48674.740471,10800.0,10525.0,10599.66,10792.2,06-10-2020 17:00:00,-0.01800172584794879,0
345,34025.761653,34025.761653,10798.0,10615.64,10792.21,10666.62,05-10-2020 17:00:00,0.011705338452500769,1
346,23212.001595,23212.001595,10696.87,10517.87,10666.63,10542.07,04-10-2020 17:00:00,0.011746258108498608,1
347,22298.221341,22298.221341,10603.56,10496.46,10542.06,10570.4,03-10-2020 17:00:00,-0.0026846721814166585,0
348,50130.393705,50130.393705,10664.64,10374.0,10570.4,10619.13,02-10-2020 17:00:00,-0.004599449436266667,0
349,60866.332893,60866.332893,10920.0,10437.0,10619.13,10776.59,01-10-2020 17:00:00,-0.014719097354310762,0
350,41874.898399,41874.898399,10867.54,10635.87,10840.48,10696.11,29-09-2020 17:00:00,0.013407151508793902,1
351,50095.251734,50095.251734,10950.0,10626.0,10696.12,10774.26,28-09-2020 17:00:00,-0.007278897253153005,0
352,30549.483253,30549.483253,10799.0,10594.82,10774.25,10728.59,27-09-2020 17:00:00,0.004246887260208609,1
353,57676.619427,57676.619427,10795.24,10190.93,10736.32,10241.46,24-09-2020 17:00:00,0.04718819847137645,1
354,43991.235476,43991.235476,10572.71,10353.0,10529.61,10417.22,22-09-2020 17:00:00,0.010731082319475505,1
355,70683.431179,70683.431179,10988.86,10296.35,10417.22,10920.28,21-09-2020 17:00:00,-0.04716140491019161,0
356,39157.922565,39157.922565,11080.64,10723.0,10920.28,11080.64,20-09-2020 17:00:00,-0.01457783037017002,0
357,61822.452786,61822.452786,10930.04,10606.48,10785.31,10671.77,15-09-2020 17:00:00,0.010583085836547212,1
358,67059.291361,67059.291361,10750.0,10212.34,10671.77,10332.84,14-09-2020 17:00:00,0.03227476447501765,1
359,43837.609865,43837.609865,10580.11,10200.0,10332.83,10440.67,13-09-2020 17:00:00,-0.010382551687234454,0
360,73491.878418,73491.878418,10438.0,9850.0,10126.65,10373.45,08-09-2020 17:00:00,-0.024079094686925373,0
361,62620.230676,62620.230676,10410.75,9875.0,10373.44,10255.89,07-09-2020 17:00:00,0.011396518673784328,1
362,56368.788815,56368.788815,10347.14,9994.86,10256.2,10166.69,06-09-2020 17:00:00,0.008765710743618982,1
363,92733.599113,92733.599113,10627.05,9875.5,10446.25,10138.29,04-09-2020 17:00:00,0.02992371744488942,1
364,121950.106015,121950.106015,11462.6,9960.8,10140.85,11388.54,03-09-2020 17:00:00,-0.11603576554688999,0
365,87221.845602,87221.845602,11954.57,11160.1,11388.54,11921.97,02-09-2020 17:00:00,-0.04577532981158505,0
366,78148.193668,78148.193668,12050.85,11515.0,11921.97,11649.51,01-09-2020 17:00:00,0.0231187973969309,1
367,55353.617744,55353.617744,11800.77,11570.0,11649.51,11711.17,31-08-2020 17:00:00,-0.0052789681800753385,0
368,43177.879054,43177.879054,11719.0,11458.0,11711.16,11465.84,30-08-2020 17:00:00,0.021170053246224896,1
369,45953.908365,45953.908365,11542.65,11276.89,11526.91,11330.38,28-08-2020 17:00:00,0.01719668807894692,1
370,63246.036383,63246.036383,11592.2,11125.0,11330.38,11461.42,27-08-2020 17:00:00,-0.011498999106295926,0
371,53998.231231,53998.231231,11539.32,11244.0,11461.43,11318.42,26-08-2020 17:00:00,0.01255599829022458,1
372,69590.923272,69590.923272,11767.85,11117.64,11318.42,11748.19,25-08-2020 17:00:00,-0.037267699109531094,0
373,46212.391867,46212.391867,11824.9,11585.09,11748.2,11648.12,24-08-2020 17:00:00,0.00855524376672534,1
374,37900.00469,37900.00469,11718.07,11514.13,11648.13,11663.51,23-08-2020 17:00:00,-0.0013195126753444697,0
375,43678.701646,43678.701646,11686.0,11376.81,11662.96,11531.23,22-08-2020 17:00:00,0.011359001231760146,1
376,46085.254351,46085.254351,11888.0,11668.0,11853.55,11754.38,20-08-2020 17:00:00,0.008401463688020527,1
377,73940.169606,73940.169606,12020.08,11561.0,11754.59,11945.1,19-08-2020 17:00:00,-0.016077349837607002,0
378,75923.835527,75923.835527,12387.77,11817.93,11945.01,12281.15,18-08-2020 17:00:00,-0.02775194859495933,0
379,84734.21154,84734.21154,12468.0,11769.78,12281.13,11910.99,17-08-2020 17:00:00,0.030602434691090252,1
380,41368.236906,41368.236906,11931.72,11686.0,11911.0,11852.4,16-08-2020 17:00:00,0.00493196417881947,1
381,56237.90505,56237.90505,11980.0,11680.0,11852.4,11760.55,15-08-2020 17:00:00,0.0077796686356030875,1
382,70132.491502,70132.491502,11792.96,11270.36,11780.0,11564.34,13-08-2020 17:00:00,0.01847695291041518,1
383,64909.613644,64909.613644,11617.52,11150.0,11564.33,11392.09,12-08-2020 17:00:00,0.015006105666083513,1
384,90748.284634,90748.284634,11935.0,11125.0,11392.08,11892.9,11-08-2020 17:00:00,-0.0430232062854774,0
385,84952.337887,84952.337887,12067.35,11450.0,11892.92,11681.69,10-08-2020 17:00:00,0.0179206063625017,1
386,41858.16104,41858.16104,11808.27,11512.0,11761.41,11594.36,08-08-2020 17:00:00,0.014305060263611225,1
387,65755.926022,65755.926022,11909.94,11322.0,11594.23,11762.47,07-08-2020 17:00:00,-0.014406393862094191,0
388,63529.08502,63529.08502,11900.0,11562.5,11762.46,11744.91,06-08-2020 17:00:00,0.0014931490218277332,1
389,74970.256852,74970.256852,11780.93,11093.0,11744.91,11191.99,05-08-2020 17:00:00,0.048221611378840734,1
390,58629.113709,58629.113709,11414.98,11000.0,11191.97,11219.68,04-08-2020 17:00:00,-0.0024728223151981865,0
391,56931.841475,56931.841475,11473.0,10936.0,11219.81,11071.36,03-08-2020 17:00:00,0.013319372168400179,1
392,97553.077604,97553.077604,12123.46,10518.5,11071.35,11801.17,02-08-2020 17:00:00,-0.0638379885940914,0
393,85087.485126,85087.485126,11861.0,11220.0,11801.17,11335.46,01-08-2020 17:00:00,0.04026281369533535,1
394,70063.660974,70063.660974,11444.0,10960.0,11335.46,11099.79,31-07-2020 17:00:00,0.021009676182963233,1
395,76838.094233,76838.094233,11342.82,10812.0,11100.53,10906.27,29-07-2020 17:00:00,0.017655001714240726,1
396,97267.734187,97267.734187,11242.23,10565.0,10906.27,11029.96,28-07-2020 17:00:00,-0.01127735357367321,0
397,150188.933144,150188.933144,11394.86,9917.21,11029.96,9931.54,27-07-2020 17:00:00,0.10489965515383304,1
398,65279.269319,65279.269319,10111.0,9650.0,9931.54,9700.42,26-07-2020 17:00:00,0.02354636809071131,1
399,40679.545416,40679.545416,9732.9,9513.0,9700.42,9538.1,25-07-2020 17:00:00,0.016874879341687077,1
400,43931.136205,43931.136205,9637.0,9463.44,9537.8,9603.27,24-07-2020 17:00:00,-0.006840814574633924,0
401,51856.2335,51856.2335,9664.0,9440.33,9603.27,9518.16,23-07-2020 17:00:00,0.008902112662381612,1
402,48815.004107,48815.004107,9544.0,9261.0,9518.16,9390.0,22-07-2020 17:00:00,0.013556259591712916,1
403,60413.582486,60413.582486,9437.73,9152.8,9390.0,9160.78,21-07-2020 17:00:00,0.024713965321002007,1
404,35458.764082,35458.764082,9221.52,9131.0,9160.78,9208.99,20-07-2020 17:00:00,-0.005248852945237914,0
405,26052.019417,26052.019417,9232.27,9101.35,9208.99,9170.3,19-07-2020 17:00:00,0.004210179734942088,1
406,656.984494,656.984494,9168.88,9147.15,9164.82,9154.31,18-07-2020 17:00:00,0.0011474345291642152,1
407,43375.571191,43375.571191,9226.15,9047.25,9133.72,9197.6,16-07-2020 17:00:00,-0.006969520861188627,0
408,39053.579665,39053.579665,9276.49,9160.57,9197.6,9255.85,15-07-2020 17:00:00,-0.00631320359825871,0
409,45772.552509,45772.552509,9279.54,9113.0,9255.85,9242.61,14-07-2020 17:00:00,0.0014314707560352247,1
410,42740.069115,42740.069115,9343.82,9200.89,9242.62,9303.31,13-07-2020 17:00:00,-0.006544855570849606,0
411,30872.702286,30872.702286,9345.0,9157.5,9302.75,9234.02,12-07-2020 17:00:00,0.007415565382579814,1
412,22561.366,22561.366,9299.28,9178.25,9234.03,9288.34,11-07-2020 17:00:00,-0.005864277156991449,0
413,38295.494006,38295.494006,9317.48,9125.0,9288.34,9232.42,10-07-2020 17:00:00,0.006038647434341016,1
414,48044.450645,48044.450645,9440.79,9160.0,9232.43,9436.06,09-07-2020 17:00:00,-0.0218162343476358,0
415,56140.517781,56140.517781,9470.0,9231.0,9436.06,9257.4,08-07-2020 17:00:00,0.01911528845685062,1
416,34587.336678,34587.336678,9379.42,9203.0,9257.39,9342.47,07-07-2020 17:00:00,-0.009148519763016338,0
417,54463.132277,54463.132277,9375.0,9055.92,9344.2,9069.41,06-07-2020 17:00:00,0.029848617569280478,1
418,34073.653627,34073.653627,9145.24,8893.03,9069.41,9135.0,05-07-2020 17:00:00,-0.007205977432855448,0
419,26441.968484,26441.968484,9190.0,9040.04,9135.46,9057.79,04-07-2020 17:00:00,0.008538383397194593,1
420,28943.420177,28943.420177,9125.0,9037.47,9058.26,9086.54,03-07-2020 17:00:00,-0.0031171490343044894,0
421,45725.168076,45725.168076,9261.96,8940.0,9086.54,9231.99,02-07-2020 17:00:00,-0.01588042891172492,0
422,38488.528699,38488.528699,9292.0,9080.1,9232.0,9138.08,01-07-2020 17:00:00,0.010225412012077939,1
423,31463.162801,31463.162801,9205.0,9064.89,9138.55,9192.93,30-06-2020 17:00:00,-0.0059329808085060165,0
424,42120.293261,42120.293261,9238.0,9024.67,9192.56,9116.16,29-06-2020 17:00:00,0.008345798444979735,1
425,808.908415,808.908415,9015.0,8963.17,8989.01,9012.0,28-06-2020 17:00:00,-0.002554302508556816,0
426,50292.298277,50292.298277,9298.0,9045.45,9162.21,9249.49,26-06-2020 17:00:00,-0.009480998907667626,0
427,55831.619156,55831.619156,9340.0,9009.69,9249.49,9298.33,25-06-2020 17:00:00,-0.005266399272931821,0
428,61571.561464,61571.561464,9670.0,9208.0,9296.49,9624.33,24-06-2020 17:00:00,-0.03465735779755974,0
429,41031.02938,41031.02938,9720.0,9577.03,9624.89,9685.69,23-06-2020 17:00:00,-0.006297086976150723,0
430,57895.468343,57895.468343,9780.0,9277.09,9685.69,9294.69,22-06-2020 17:00:00,0.04120626916014203,1
431,24316.926234,24316.926234,9422.0,9281.54,9294.69,9358.95,21-06-2020 17:00:00,-0.006889835356611584,0
432,30329.065384,30329.065384,9395.0,9170.95,9358.95,9310.23,20-06-2020 17:00:00,0.005219309107221903,1
433,45330.983673,45330.983673,9438.3,9215.79,9310.23,9386.32,19-06-2020 17:00:00,-0.008139514519044155,0
434,37381.953765,37381.953765,9489.0,9280.0,9386.32,9465.13,18-06-2020 17:00:00,-0.008361209257877533,0
435,48046.411152,48046.411152,9565.0,9236.61,9465.14,9526.97,17-06-2020 17:00:00,-0.006511147886183011,0
436,52052.446927,52052.446927,9589.0,9373.09,9525.59,9426.05,16-06-2020 17:00:00,0.01050472838719152,1
437,86107.924707,86107.924707,9495.0,8910.45,9426.02,9342.1,15-06-2020 17:00:00,0.008942883921490008,1
438,30055.506608,30055.506608,9480.99,9245.0,9342.1,9473.34,14-06-2020 17:00:00,-0.01395047136177574,0
439,27759.784851,27759.784851,9494.73,9351.0,9473.34,9464.96,13-06-2020 17:00:00,0.0008849791741525337,1
440,50119.066932,50119.066932,9557.12,9232.51,9465.13,9278.88,12-06-2020 17:00:00,0.019873669520077186,1
441,94418.98473,94418.98473,9964.0,9113.0,9280.4,9885.22,11-06-2020 17:00:00,-0.06313606300080998,0
442,47130.762982,47130.762982,9992.72,9704.18,9885.0,9772.44,10-06-2020 17:00:00,0.011452277634122154,1
443,46024.001289,46024.001289,9877.0,9570.0,9772.43,9782.0,09-06-2020 17:00:00,-0.0009788064151248221,0
444,40664.664125,40664.664125,9800.0,9633.0,9782.01,9746.99,08-06-2020 17:00:00,0.0035864650046324442,1
445,57952.848385,57952.848385,9802.0,9372.46,9746.99,9666.85,07-06-2020 17:00:00,0.008256012742080543,1
446,32752.950893,32752.950893,9735.0,9531.05,9666.3,9621.17,06-06-2020 17:00:00,0.004679730660555492,1
447,47788.05005,47788.05005,9854.75,9581.0,9621.16,9788.14,05-06-2020 17:00:00,-0.01720660917782091,0
448,57456.100969,57456.100969,9881.63,9450.0,9789.06,9666.32,04-06-2020 17:00:00,0.0126177569830066,1
449,46252.644939,46252.644939,9690.0,9365.21,9666.24,9518.02,03-06-2020 17:00:00,0.015452558434729369,1
450,108970.773151,108970.773151,10228.99,9266.0,9518.04,10202.71,02-06-2020 17:00:00,-0.06946442602273528,0
451,76649.12696,76649.12696,10380.0,9421.67,10200.77,9448.27,01-06-2020 17:00:00,0.07663155167361424,1
452,48333.786403,48333.786403,9700.0,9381.41,9448.27,9697.72,31-05-2020 17:00:00,-0.026059150370553397,0
453,55665.27254,55665.27254,9740.0,9331.23,9697.72,9426.6,30-05-2020 17:00:00,0.028355326134532177,1
454,57374.362961,57374.362961,9605.26,9330.0,9427.07,9575.87,29-05-2020 17:00:00,-0.01566105469139245,0
455,74110.787662,74110.787662,9625.47,9110.0,9575.89,9204.07,28-05-2020 17:00:00,0.03960270360557594,1
456,68910.355514,68910.355514,9225.0,8811.73,9204.07,8841.0,27-05-2020 17:00:00,0.040245785109492616,1
457,58299.770138,58299.770138,9017.67,8700.0,8841.18,8900.35,26-05-2020 17:00:00,-0.006670249903319103,0
458,62833.910949,62833.910949,8979.66,8642.72,8900.35,8718.14,25-05-2020 17:00:00,0.020684689391222477,1
459,70379.86645,70379.86645,9298.0,8700.0,8720.34,9179.01,24-05-2020 17:00:00,-0.05126112769320201,0
460,43526.296966,43526.296966,9307.85,9070.0,9179.15,9170.0,23-05-2020 17:00:00,0.0009973214844727352,1
461,58943.131024,58943.131024,9271.0,8933.52,9170.0,9067.51,22-05-2020 17:00:00,0.011239591254248893,1
462,108928.780969,108928.780969,9578.47,8815.0,9068.65,9511.43,21-05-2020 17:00:00,-0.047670822575259564,0
463,74923.73809,74923.73809,9842.0,9326.0,9511.43,9775.13,20-05-2020 17:00:00,-0.027347171728923314,0
464,78539.760454,78539.760454,9897.21,9474.0,9775.53,9733.93,19-05-2020 17:00:00,0.004264604253291893,1
465,82006.603583,82006.603583,9950.0,9464.23,9733.93,9681.11,18-05-2020 17:00:00,0.00544115596120065,1
466,68647.764323,68647.764323,9888.0,9322.1,9680.04,9380.81,17-05-2020 17:00:00,0.031399920276944826,1
467,59587.627862,59587.627862,9588.0,9220.0,9381.27,9315.96,16-05-2020 17:00:00,0.006986089984822641,1
468,115890.761516,115890.761516,9845.62,9150.0,9316.42,9791.97,15-05-2020 17:00:00,-0.049784227307011264,0
469,129565.37747,129565.37747,9939.0,9256.76,9791.98,9309.35,14-05-2020 17:00:00,0.05054441183323988,1
470,92466.274018,92466.274018,9398.0,8792.99,9309.37,8810.99,13-05-2020 17:00:00,0.05502161388738891,1
471,86522.780066,86522.780066,8978.26,8528.78,8810.79,8562.04,12-05-2020 17:00:00,0.02863862723900823,1
472,168807.251832,168807.251832,9168.0,8200.0,8561.52,8722.77,11-05-2020 17:00:00,-0.01865910354451117,0
473,183865.182028,183865.182028,9574.83,8117.0,8722.77,9539.1,10-05-2020 17:00:00,-0.08946229335937517,0
474,81950.679567,81950.679567,9914.25,9520.0,9539.4,9800.02,09-05-2020 17:00:00,-0.026953836090187977,0
475,100683.7964,100683.7964,10035.96,9705.0,9800.01,9986.3,08-05-2020 17:00:00,-0.018830747601878528,0
476,147154.611378,147154.611378,10067.0,9021.0,9986.4,9143.4,07-05-2020 17:00:00,0.08819185981297117,1
477,105925.30242,105925.30242,9395.0,8906.21,9142.92,9021.36,06-05-2020 17:00:00,0.013384710518545617,1
478,76480.765342,76480.765342,9118.58,8760.0,9021.83,8871.92,05-05-2020 17:00:00,0.016755963105174132,1
479,84418.512331,84418.512331,8950.0,8522.0,8871.96,8894.15,04-05-2020 17:00:00,-0.0024980157771121725,0
480,90126.065643,90126.065643,9200.0,8712.0,8894.16,8972.58,03-05-2020 17:00:00,-0.00877837854986474,0
481,59002.08755,59002.08755,9010.0,8753.0,8972.05,8825.67,02-05-2020 17:00:00,0.01644966891846167,1
482,91468.815059,91468.815059,9059.18,8613.56,8826.96,8620.0,01-05-2020 17:00:00,0.02372558980130357,1
483,206277.214124,206277.214124,9460.0,8401.0,8620.0,8778.58,30-04-2020 17:00:00,-0.018229578684232806,0
484,183546.887514,183546.887514,8952.89,7710.05,8778.57,7738.58,29-04-2020 17:00:00,0.12609531598475954,1
485,46302.752638,46302.752638,7780.0,7659.12,7738.98,7773.51,28-04-2020 17:00:00,-0.0044519038568839875,0
486,65441.339576,65441.339576,7792.02,7606.0,7774.62,7693.1,27-04-2020 17:00:00,0.010540759050405413,1
487,50522.616209,50522.616209,7700.0,7480.0,7693.1,7539.03,26-04-2020 17:00:00,0.020230296693171113,1
488,43874.427726,43874.427726,7705.0,7431.07,7538.67,7505.0,25-04-2020 17:00:00,0.004476308802495055,1
489,60182.119939,60182.119939,7615.96,7388.0,7505.0,7483.96,24-04-2020 17:00:00,0.002807401423300604,1
490,102773.569561,102773.569561,7738.0,7020.0,7482.39,7125.12,23-04-2020 17:00:00,0.048925691549577266,1
491,61486.377334,61486.377334,7156.38,6818.0,7125.14,6841.36,22-04-2020 17:00:00,0.04064283280481007,1
492,60109.710808,60109.710808,6940.0,6762.0,6841.37,6828.98,21-04-2020 17:00:00,0.001812682688095535,1
493,90149.49137,90149.49137,7220.0,6751.0,6826.83,7121.4,20-04-2020 17:00:00,-0.04224389831014719,0
494,45664.86393,45664.86393,7266.15,7055.6,7120.74,7248.6,19-04-2020 17:00:00,-0.017796694163898508,0
495,49488.542819,49488.542819,7293.08,7014.4,7248.6,7026.78,18-04-2020 17:00:00,0.03107978286419666,1
496,54126.509763,54126.509763,7148.12,6972.98,7027.55,7101.99,17-04-2020 17:00:00,-0.010536887786869897,0
497,125009.857539,125009.857539,7190.0,6468.27,7101.94,6621.25,16-04-2020 17:00:00,0.07008381228419402,1
498,61571.384994,61571.384994,6933.0,6605.0,6621.24,6868.57,15-04-2020 17:00:00,-0.036673269598312075,0
499,69068.623285,69068.623285,6978.0,6754.28,6868.7,6838.04,14-04-2020 17:00:00,0.0044737189347969775,1
500,45470.293206,45470.293206,6944.3,6760.0,6876.83,6858.92,11-04-2020 17:00:00,0.002607795009357261,1
501,103585.168918,103585.168918,7459.69,7077.0,7197.32,7329.9,07-04-2020 17:00:00,-0.01825313873279555,0
502,118052.000832,118052.000832,7355.14,6765.0,7329.9,6772.78,06-04-2020 17:00:00,0.07905023544895862,1
503,49685.356983,49685.356983,6895.54,6677.52,6772.78,6857.41,05-04-2020 17:00:00,-0.012418181635316827,0
504,72990.861139,72990.861139,6990.41,6650.01,6856.99,6732.97,04-04-2020 17:00:00,0.018252216050351322,1
505,104080.276939,104080.276939,7048.0,6602.1,6734.1,6793.86,03-04-2020 17:00:00,-0.008835092465178107,0
506,149299.906871,149299.906871,7198.0,6551.0,6794.09,6643.36,02-04-2020 17:00:00,0.022435257035574807,1
507,97500.7524,97500.7524,6679.94,6150.11,6642.92,6412.14,01-04-2020 17:00:00,0.03535855728873827,1
508,72337.595259,72337.595259,6523.23,6321.4,6410.44,6394.45,31-03-2020 17:00:00,0.002497484681457607,1
509,132155.734989,132155.734989,6957.96,6450.0,6677.43,6744.69,26-03-2020 04:01:05,-0.01002234565132909,0
510,164674.215785,164674.215785,6600.0,5688.0,6467.31,5816.05,23-03-2020 17:00:00,0.1061389198208662,1
511,119115.990527,119115.990527,6407.87,5734.01,5816.19,6187.04,22-03-2020 17:00:00,-0.06181137349855348,0
512,219298.329514,219298.329514,6900.0,5670.0,6208.36,6162.05,20-03-2020 17:00:00,0.007487256500125383,1
513,137127.634894,137127.634894,5436.17,5009.37,5393.04,5312.64,18-03-2020 17:00:00,0.015020346505171034,1
514,227276.92276,227276.92276,5365.42,4442.12,5028.97,5360.33,16-03-2020 17:00:00,-0.0638103485803505,0
515,136910.135974,136910.135974,5640.52,5055.13,5172.06,5576.05,14-03-2020 17:00:00,-0.07520957864905853,0
516,261505.608653,261505.608653,7966.17,4410.0,4800.0,7934.58,12-03-2020 17:00:00,-0.5026145046069708,0
517,86783.443875,86783.443875,8149.0,7728.01,7894.56,7929.87,10-03-2020 17:00:00,-0.0044627273908268705,0
518,115557.25043,115557.25043,8179.31,7632.01,7879.31,8034.76,09-03-2020 17:00:00,-0.019536792837554273,0
519,72517.560903,72517.560903,8886.76,8149.27,8166.89,8885.25,08-03-2020 17:00:00,-0.08430442307341401,0
520,45422.204525,45422.204525,9188.0,8835.0,8886.66,9130.89,07-03-2020 17:00:00,-0.027111894793725,0
521,43782.948044,43782.948044,9170.0,8985.5,9131.88,9054.64,06-03-2020 17:00:00,0.008494254472008578,1
522,38696.482578,38696.482578,8848.29,8660.0,8750.87,8760.07,04-03-2020 17:00:00,-0.0010507717856942378,0
523,55154.997282,55154.997282,8919.65,8651.0,8760.07,8911.18,03-03-2020 17:00:00,-0.017102772395732657,0
524,60401.31773,60401.31773,8965.75,8498.0,8915.24,8530.3,02-03-2020 17:00:00,0.04413764099912498,1
525,43892.201779,43892.201779,8750.0,8411.0,8531.88,8523.61,01-03-2020 17:00:00,0.0009697757904518767,1
526,36748.183035,36748.183035,8790.0,8523.55,8523.61,8690.8,29-02-2020 17:00:00,-0.01942503485681435,0
527,71155.208977,71155.208977,8900.0,8445.0,8692.91,8823.25,28-02-2020 17:00:00,-0.014882531986353698,0
528,72483.578762,72483.578762,8971.77,8531.0,8823.21,8786.0,27-02-2020 17:00:00,0.004226203831215969,1
529,92130.345482,92130.345482,9377.44,8633.63,8785.25,9316.48,26-02-2020 17:00:00,-0.05871069612177493,0
530,54379.344552,54379.344552,9675.0,9250.0,9315.84,9655.52,25-02-2020 17:00:00,-0.03581359541329654,0
531,55796.59612,55796.59612,9990.0,9473.56,9656.13,9936.4,24-02-2020 17:00:00,-0.02861183519342525,0
532,37702.089843,37702.089843,9990.0,9645.0,9936.4,9650.85,23-02-2020 17:00:00,0.02915878765638169,1
533,24636.757623,24636.757623,9709.17,9560.02,9650.86,9677.05,22-02-2020 17:00:00,-0.002710072225021065,0
534,42181.554524,42181.554524,9755.51,9550.21,9677.05,9597.21,21-02-2020 17:00:00,0.008284671541861854,1
535,60152.342914,60152.342914,9699.0,9400.0,9596.42,9594.65,20-02-2020 17:00:00,0.0001844607940064691,1
536,55162.586895,55162.586895,10250.0,9350.0,9593.79,10164.78,19-02-2020 17:00:00,-0.05781278979393534,0
537,70604.124019,70604.124019,10250.0,9576.01,10164.71,9706.0,18-02-2020 17:00:00,0.04617766642322607,1
538,70261.011901,70261.011901,9964.16,9452.67,9706.0,9910.7,17-02-2020 17:00:00,-0.020870730585780706,0
539,60023.999537,60023.999537,10050.0,9638.12,9917.27,9904.46,16-02-2020 17:00:00,0.001292521064849339,1
540,57657.202947,57657.202947,10375.0,9801.0,9904.72,10344.36,15-02-2020 17:00:00,-0.04343003244846244,0
541,47038.480173,47038.480173,10381.56,10111.37,10344.36,10227.78,14-02-2020 17:00:00,0.011333896032111213,1
542,79344.358759,79344.358759,10500.0,10080.0,10229.63,10325.33,13-02-2020 17:00:00,-0.00931168841891683,0
543,61008.06393,61008.06393,10450.0,10223.08,10326.46,10223.08,12-02-2020 17:00:00,0.010061623972999811,1
544,62422.395224,62422.395224,10323.59,9700.0,10223.08,9851.74,11-02-2020 17:00:00,0.03699981990633461,1
545,59573.084619,59573.084619,10188.0,9756.0,9851.83,10151.72,10-02-2020 17:00:00,-0.029985924529672303,0
546,43408.475616,43408.475616,10166.0,9880.75,10151.75,9895.04,09-02-2020 17:00:00,0.02561248292731122,1
547,43600.843666,43600.843666,9940.0,9667.11,9895.05,9813.87,08-02-2020 17:00:00,0.008237940901601348,1
548,43966.114632,43966.114632,9885.0,9730.0,9813.73,9772.0,07-02-2020 17:00:00,0.004261272175808628,1
549,64949.706588,64949.706588,9862.57,9526.35,9772.0,9612.03,06-02-2020 17:00:00,0.016505714427514917,1
550,64870.415615,64870.415615,9744.45,9177.22,9612.04,9197.02,05-02-2020 17:00:00,0.04413696079004481,1
551,53308.175266,53308.175266,9350.0,9093.01,9197.02,9291.35,04-02-2020 17:00:00,-0.010204341273569284,0
552,50892.133451,50892.133451,9618.79,9234.0,9292.24,9331.59,03-02-2020 17:00:00,-0.004225775101753371,0
553,45690.91254,45690.91254,9477.03,9120.0,9331.51,9384.41,02-02-2020 17:00:00,-0.005652956506787987,0
554,28578.067354,28578.067354,9464.53,9281.0,9384.61,9351.71,01-02-2020 17:00:00,0.0035118992218503564,1
555,45552.022352,45552.022352,9530.22,9210.01,9352.89,9511.52,31-01-2020 17:00:00,-0.01681830909067905,0
556,60626.744259,60626.744259,9578.0,9204.44,9513.21,9301.57,30-01-2020 17:00:00,0.02249815592036697,1
557,53864.065122,53864.065122,9449.24,9216.0,9301.53,9375.34,29-01-2020 17:00:00,-0.007903935108572568,0
558,74584.853765,74584.853765,9400.0,8862.4,9374.21,8907.57,28-01-2020 17:00:00,0.051060824626029344,1
559,53973.542996,53973.542996,9000.0,8535.0,8907.57,8614.39,27-01-2020 17:00:00,0.033467416272609185,1
560,31130.485164,31130.485164,8618.13,8293.66,8615.0,8340.01,26-01-2020 17:00:00,0.03244045456918876,1
561,25521.157932,25521.157932,8451.26,8254.9,8340.58,8438.99,25-01-2020 17:00:00,-0.01172987488353705,0
562,41687.529529,41687.529529,8528.02,8238.0,8439.0,8404.52,24-01-2020 17:00:00,0.004094161809796049,1
563,48165.944597,48165.944597,8691.81,8306.39,8404.52,8682.77,23-01-2020 17:00:00,-0.03257094582082054,0
564,29080.557138,29080.557138,8818.0,8590.0,8682.36,8736.04,22-01-2020 17:00:00,-0.006163616628690249,0
565,36494.687659,36494.687659,8789.0,8488.0,8736.03,8642.35,21-01-2020 17:00:00,0.010781316488658987,1
566,38896.639746,38896.639746,8746.99,8521.28,8642.35,8701.72,20-01-2020 17:00:00,-0.0068461706957378965,0
567,70676.889259,70676.889259,9198.98,8466.0,8701.7,8915.09,19-01-2020 17:00:00,-0.024226937738223597,0
568,38294.746545,38294.746545,8988.88,8806.38,8915.96,8913.27,18-01-2020 17:00:00,0.0003017516763659245,1
569,70897.737377,70897.737377,9041.65,8672.44,8913.28,8720.15,17-01-2020 17:00:00,0.021905859834733477,1
570,51991.074284,51991.074284,8859.81,8586.0,8720.01,8820.01,16-01-2020 17:00:00,-0.01140261909568352,0
571,84816.297606,84816.297606,8916.48,8564.0,8821.41,8814.64,15-01-2020 17:00:00,0.0007677456496821833,1
572,120399.126742,120399.126742,8880.0,8105.54,8810.01,8110.34,14-01-2020 17:00:00,0.0827487842214989,1
573,31159.755683,31159.755683,8196.0,8055.89,8110.34,8184.97,13-01-2020 17:00:00,-0.009159754775360796,0
574,38131.494336,38131.494336,8197.0,7960.0,8184.98,8020.01,12-01-2020 17:00:00,0.020361098565476965,1
575,54810.032667,54810.032667,8286.34,8003.16,8020.01,8198.86,11-01-2020 17:00:00,-0.022055451454738417,0
576,82406.777448,82406.777448,8199.0,7672.0,8197.02,7817.74,10-01-2020 17:00:00,0.04737516335457137,1
577,64239.51983,64239.51983,8055.96,7750.0,7817.76,8054.72,09-01-2020 17:00:00,-0.02986018649553479,0
578,112622.64264,112622.64264,8455.0,7870.0,8055.98,8145.92,08-01-2020 17:00:00,-0.011102515615535324,0
579,91171.684661,91171.684661,8207.68,7723.71,8145.28,7758.9,07-01-2020 17:00:00,0.048598046811529017,1
580,54635.695316,54635.695316,7795.34,7346.76,7758.0,7357.64,06-01-2020 17:00:00,0.052985339870803116,1
581,38331.085604,38331.085604,7495.0,7318.0,7358.75,7354.19,05-01-2020 17:00:00,0.0006198625354301157,1
582,29987.974977,29987.974977,7404.0,7272.21,7354.11,7345.0,04-01-2020 17:00:00,0.0012395309874406735,1
583,68428.500451,68428.500451,7405.0,6871.04,7344.96,6965.49,03-01-2020 17:00:00,0.05304640721346665,1
584,31951.483932,31951.483932,7212.5,6924.74,6965.71,7200.77,02-01-2020 17:00:00,-0.03318842444914516,0
585,16792.388165,16792.388165,7255.0,7175.15,7200.85,7195.24,01-01-2020 17:00:00,0.0007793783289731238,1
