,date,timestamp,close,target
0,24-09-2021 17:00:00,1632502800.0,42810.57,0
1,23-09-2021 17:00:00,1632416400.0,44865.26,1
2,22-09-2021 17:00:00,1632330000.0,43543.61,1
3,21-09-2021 17:00:00,1632243600.0,40734.38,0
4,20-09-2021 17:00:00,1632157200.0,43015.62,0
5,19-09-2021 17:00:00,1632070800.0,47241.75,0
6,18-09-2021 17:00:00,1631984400.0,48292.74,1
7,17-09-2021 17:00:00,1631898000.0,47299.98,0
8,16-09-2021 17:00:00,1631811600.0,47737.82,0
9,15-09-2021 17:00:00,1631725200.0,48121.41,1
10,14-09-2021 17:00:00,1631638800.0,47111.52,1
11,14-09-2021 17:00:00,1631638800.0,47111.52,1
12,13-09-2021 17:00:00,1631552400.0,44940.73,0
13,13-09-2021 17:00:00,1631552400.0,44940.73,0
14,12-09-2021 17:00:00,1631466000.0,46025.24,1
15,12-09-2021 17:00:00,1631466000.0,46025.24,1
16,11-09-2021 17:00:00,1631379600.0,45173.69,1
17,11-09-2021 17:00:00,1631379600.0,45173.69,1
18,10-09-2021 17:00:00,1631293200.0,44850.91,0
19,10-09-2021 17:00:00,1631293200.0,44850.91,0
20,09-09-2021 17:00:00,1631206800.0,46395.14,1
21,09-09-2021 17:00:00,1631206800.0,46395.14,1
22,08-09-2021 17:00:00,1631120400.0,46048.31,0
23,08-09-2021 17:00:00,1631120400.0,46048.31,0
24,07-09-2021 17:00:00,1631034000.0,46863.73,0
25,07-09-2021 17:00:00,1631034000.0,46863.73,0
26,06-09-2021 17:00:00,1630947600.0,52663.9,1
27,06-09-2021 17:00:00,1630947600.0,52663.9,1
28,05-09-2021 17:00:00,1630861200.0,51756.88,1
29,05-09-2021 17:00:00,1630861200.0,51756.88,1
30,04-09-2021 17:00:00,1630774800.0,49915.64,0
31,04-09-2021 17:00:00,1630774800.0,49915.64,0
32,03-09-2021 17:00:00,1630688400.0,49999.14,1
33,03-09-2021 17:00:00,1630688400.0,49999.14,1
34,02-09-2021 17:00:00,1630602000.0,49246.64,1
35,02-09-2021 17:00:00,1630602000.0,49246.64,1
36,01-09-2021 17:00:00,1630515600.0,48810.52,1
37,31-08-2021 17:00:00,1630429200.0,47100.89,1
38,30-08-2021 17:00:00,1630342800.0,46982.91,0
39,29-08-2021 17:00:00,1630256400.0,48767.83,0
40,28-08-2021 17:00:00,1630170000.0,48895.35,0
41,27-08-2021 17:00:00,1630083600.0,49069.9,1
42,26-08-2021 17:00:00,1629997200.0,46843.87,0
43,25-08-2021 17:00:00,1629910800.0,48973.32,1
44,24-08-2021 17:00:00,1629824400.0,47674.01,0
45,23-08-2021 17:00:00,1629738000.0,49488.85,1
46,22-08-2021 17:00:00,1629651600.0,49239.22,1
47,21-08-2021 17:00:00,1629565200.0,48821.87,0
48,20-08-2021 17:00:00,1629478800.0,49322.47,1
49,19-08-2021 17:00:00,1629392400.0,46760.62,1
50,18-08-2021 17:00:00,1629306000.0,44705.29,1
51,18-08-2021 17:00:00,1629306000.0,44705.29,1
52,17-08-2021 17:00:00,1629219600.0,44695.95,0
53,17-08-2021 17:00:00,1629219600.0,44695.95,0
54,16-08-2021 17:00:00,1629133200.0,45901.29,0
55,16-08-2021 17:00:00,1629133200.0,45901.29,0
56,15-08-2021 17:00:00,1629046800.0,46973.82,0
57,15-08-2021 17:00:00,1629046800.0,46973.82,0
58,14-08-2021 17:00:00,1628960400.0,47068.51,0
59,14-08-2021 17:00:00,1628960400.0,47068.51,0
60,13-08-2021 17:00:00,1628874000.0,47800.0,1
61,13-08-2021 17:00:00,1628874000.0,47800.0,1
62,12-08-2021 17:00:00,1628787600.0,44399.0,0
63,12-08-2021 17:00:00,1628787600.0,44399.0,0
64,11-08-2021 17:00:00,1628701200.0,45511.0,0
65,11-08-2021 17:00:00,1628701200.0,45511.0,0
66,10-08-2021 17:00:00,1628614800.0,45584.99,0
67,10-08-2021 17:00:00,1628614800.0,45584.99,0
68,09-08-2021 17:00:00,1628528400.0,46253.4,1
69,08-08-2021 17:00:00,1628442000.0,43794.37,0
70,07-08-2021 17:00:00,1628355600.0,44572.54,1
71,06-08-2021 17:00:00,1628269200.0,42836.87,1
72,05-08-2021 17:00:00,1628182800.0,40862.46,1
73,04-08-2021 17:00:00,1628096400.0,39723.18,1
74,03-08-2021 17:00:00,1628010000.0,38207.05,0
75,02-08-2021 17:00:00,1627923600.0,39147.82,0
76,01-08-2021 17:00:00,1627837200.0,39845.44,0
77,01-08-2021 17:00:00,1627837200.0,39845.44,0
78,31-07-2021 17:00:00,1627750800.0,41461.83,0
79,30-07-2021 17:00:00,1627664400.0,42206.37,1
80,29-07-2021 17:00:00,1627578000.0,40016.48,0
81,29-07-2021 17:00:00,1627578000.0,40016.48,0
82,28-07-2021 17:00:00,1627491600.0,40019.56,1
83,27-07-2021 17:00:00,1627405200.0,39457.87,1
84,26-07-2021 17:00:00,1627318800.0,37237.6,1
85,25-07-2021 17:00:00,1627232400.0,35381.02,1
86,24-07-2021 17:00:00,1627146000.0,34258.14,1
87,23-07-2021 17:00:00,1627059600.0,33634.09,1
88,22-07-2021 17:00:00,1626973200.0,32287.83,1
89,21-07-2021 17:00:00,1626886800.0,32144.51,1
90,21-07-2021 17:00:00,1626886800.0,32144.51,1
91,20-07-2021 17:00:00,1626800400.0,29790.35,0
92,20-07-2021 17:00:00,1626800400.0,29790.35,0
93,19-07-2021 17:00:00,1626714000.0,30839.65,0
94,19-07-2021 17:00:00,1626714000.0,30839.65,0
95,18-07-2021 17:00:00,1626627600.0,31778.56,1
96,18-07-2021 17:00:00,1626627600.0,31778.56,1
97,17-07-2021 17:00:00,1626541200.0,31520.07,1
98,16-07-2021 17:00:00,1626454800.0,31383.87,0
99,15-07-2021 17:00:00,1626368400.0,31880.0,0
100,14-07-2021 17:00:00,1626282000.0,32820.02,1
101,13-07-2021 17:00:00,1626195600.0,32729.77,0
102,12-07-2021 17:00:00,1626109200.0,33086.63,0
103,11-07-2021 17:00:00,1626022800.0,34258.99,1
104,10-07-2021 17:00:00,1625936400.0,33502.87,0
105,09-07-2021 17:00:00,1625850000.0,33815.81,1
106,08-07-2021 17:00:00,1625763600.0,32875.71,0
107,07-07-2021 17:00:00,1625677200.0,33862.12,0
108,06-07-2021 17:00:00,1625590800.0,34220.01,1
109,05-07-2021 17:00:00,1625504400.0,33690.14,0
110,04-07-2021 17:00:00,1625418000.0,35286.51,1
111,02-07-2021 17:00:00,1625245200.0,33786.55,1
112,02-07-2021 17:00:00,1625245200.0,33786.55,1
113,01-07-2021 17:00:00,1625158800.0,33504.69,0
114,01-07-2021 17:00:00,1625158800.0,33504.69,0
115,30-06-2021 17:00:00,1625072400.0,35045.0,0
116,29-06-2021 17:00:00,1624986000.0,35911.73,1
117,28-06-2021 17:00:00,1624899600.0,34494.89,0
118,28-06-2021 17:00:00,1624899600.0,34494.89,0
119,27-06-2021 17:00:00,1624813200.0,34700.34,1
120,27-06-2021 17:00:00,1624813200.0,34700.34,1
121,26-06-2021 17:00:00,1624726800.0,32283.65,1
122,25-06-2021 17:00:00,1624640400.0,31584.45,0
123,24-06-2021 17:00:00,1624554000.0,34663.09,1
124,23-06-2021 17:00:00,1624467600.0,33678.07,1
125,22-06-2021 17:00:00,1624381200.0,32509.56,1
126,22-06-2021 17:00:00,1624381200.0,32509.56,1
127,21-06-2021 17:00:00,1624294800.0,31608.93,0
128,21-06-2021 17:00:00,1624294800.0,31608.93,0
129,20-06-2021 17:00:00,1624208400.0,35600.16,1
130,19-06-2021 17:00:00,1624122000.0,35483.72,0
131,18-06-2021 17:00:00,1624035600.0,35819.84,0
132,17-06-2021 17:00:00,1623949200.0,38092.97,0
133,16-06-2021 17:00:00,1623862800.0,38349.01,0
134,16-06-2021 17:00:00,1623862800.0,38349.01,0
135,15-06-2021 17:00:00,1623776400.0,40144.04,0
136,14-06-2021 17:00:00,1623690000.0,40516.29,1
137,13-06-2021 17:00:00,1623603600.0,39020.57,1
138,12-06-2021 17:00:00,1623517200.0,35546.11,0
139,11-06-2021 17:00:00,1623430800.0,37331.98,1
140,10-06-2021 17:00:00,1623344400.0,36675.72,0
141,09-06-2021 17:00:00,1623258000.0,37388.05,1
142,08-06-2021 17:00:00,1623171600.0,33380.81,0
143,07-06-2021 17:00:00,1623085200.0,33552.79,0
144,06-06-2021 17:00:00,1622998800.0,35796.31,1
145,05-06-2021 17:00:00,1622912400.0,35513.2,0
146,04-06-2021 17:00:00,1622826000.0,36829.0,0
147,03-06-2021 17:00:00,1622739600.0,39246.79,1
148,02-06-2021 17:00:00,1622653200.0,37568.68,1
149,01-06-2021 17:00:00,1622566800.0,36693.09,0
150,31-05-2021 17:00:00,1622480400.0,37253.81,1
151,31-05-2021 17:00:00,1622480400.0,37253.81,1
152,30-05-2021 17:00:00,1622394000.0,35641.27,1
153,30-05-2021 17:00:00,1622394000.0,35641.27,1
154,29-05-2021 17:00:00,1622307600.0,34605.15,0
155,28-05-2021 17:00:00,1622221200.0,35663.49,0
156,27-05-2021 17:00:00,1622134800.0,38529.98,0
157,27-05-2021 17:00:00,1622134800.0,38529.98,0
158,26-05-2021 17:00:00,1622048400.0,39241.91,1
159,25-05-2021 17:00:00,1621962000.0,38324.72,0
160,24-05-2021 17:00:00,1621875600.0,38796.29,1
161,23-05-2021 17:00:00,1621789200.0,34655.25,0
162,22-05-2021 17:00:00,1621702800.0,37449.73,1
163,21-05-2021 17:00:00,1621616400.0,37252.01,0
164,21-05-2021 17:00:00,1621616400.0,37252.01,0
165,20-05-2021 17:00:00,1621530000.0,40526.64,1
166,19-05-2021 17:00:00,1621443600.0,36690.09,0
167,18-05-2021 17:00:00,1621357200.0,42849.78,0
168,17-05-2021 17:00:00,1621270800.0,43538.04,0
169,16-05-2021 17:00:00,1621184400.0,46431.5,0
170,15-05-2021 17:00:00,1621098000.0,46762.99,0
171,15-05-2021 17:00:00,1621098000.0,46762.99,0
172,14-05-2021 17:00:00,1621011600.0,49841.45,1
173,13-05-2021 17:00:00,1620925200.0,49670.97,1
174,12-05-2021 17:00:00,1620838800.0,49631.32,0
175,11-05-2021 17:00:00,1620752400.0,56670.02,1
176,10-05-2021 17:00:00,1620666000.0,55816.14,0
177,09-05-2021 17:00:00,1620579600.0,58240.84,0
178,08-05-2021 17:00:00,1620493200.0,58862.05,1
179,07-05-2021 17:00:00,1620406800.0,57314.75,1
180,06-05-2021 17:00:00,1620320400.0,56393.68,0
181,05-05-2021 17:00:00,1620234000.0,57436.11,1
182,04-05-2021 17:00:00,1620147600.0,53200.01,0
183,03-05-2021 17:00:00,1620061200.0,57169.39,1
184,02-05-2021 17:00:00,1619974800.0,56578.21,0
185,01-05-2021 17:00:00,1619888400.0,57800.37,1
186,01-05-2021 17:00:00,1619888400.0,57800.37,1
187,30-04-2021 17:00:00,1619802000.0,57694.27,1
188,29-04-2021 17:00:00,1619715600.0,53555.0,0
189,28-04-2021 17:00:00,1619629200.0,54846.22,0
190,28-04-2021 17:00:00,1619629200.0,54846.22,0
191,27-04-2021 17:00:00,1619542800.0,55011.97,1
192,27-04-2021 17:00:00,1619542800.0,55011.97,1
193,26-04-2021 17:00:00,1619456400.0,54001.39,1
194,25-04-2021 17:00:00,1619370000.0,49066.77,0
195,24-04-2021 17:00:00,1619283600.0,50047.84,0
196,23-04-2021 17:00:00,1619197200.0,51125.14,0
197,22-04-2021 17:00:00,1619110800.0,51690.96,0
198,21-04-2021 17:00:00,1619024400.0,53787.63,0
199,20-04-2021 17:00:00,1618938000.0,56425.0,1
200,19-04-2021 17:00:00,1618851600.0,55633.14,0
201,18-04-2021 17:00:00,1618765200.0,56150.01,0
202,17-04-2021 17:00:00,1618678800.0,60006.66,0
203,16-04-2021 17:00:00,1618592400.0,61334.8,0
204,15-04-2021 17:00:00,1618506000.0,63159.98,1
205,14-04-2021 17:00:00,1618419600.0,62959.53,0
206,13-04-2021 17:00:00,1618333200.0,63575.0,1
207,12-04-2021 17:00:00,1618246800.0,59860.0,0
208,11-04-2021 17:00:00,1618160400.0,60002.43,1
209,10-04-2021 17:00:00,1618074000.0,59769.13,1
210,09-04-2021 17:00:00,1617987600.0,58142.54,1
211,08-04-2021 17:00:00,1617901200.0,58077.52,1
212,07-04-2021 17:00:00,1617814800.0,55953.45,0
213,06-04-2021 17:00:00,1617728400.0,57991.15,0
214,05-04-2021 17:00:00,1617642000.0,59129.99,1
215,04-04-2021 17:00:00,1617555600.0,58202.01,1
216,03-04-2021 17:00:00,1617469200.0,57051.94,0
217,03-04-2021 17:00:00,1617469200.0,57051.94,0
218,02-04-2021 17:00:00,1617382800.0,58950.01,1
219,01-04-2021 17:00:00,1617296400.0,58720.44,0
220,31-03-2021 17:00:00,1617210000.0,58740.55,0
221,30-03-2021 17:00:00,1617123600.0,58746.57,1
222,29-03-2021 17:00:00,1617037200.0,57635.47,1
223,28-03-2021 17:00:00,1616950800.0,55777.63,0
224,27-03-2021 17:00:00,1616864400.0,55817.14,1
225,26-03-2021 17:00:00,1616778000.0,55025.59,1
226,25-03-2021 17:00:00,1616691600.0,51293.78,0
227,24-03-2021 17:00:00,1616605200.0,52303.65,0
228,23-03-2021 17:00:00,1616518800.0,54340.89,1
229,22-03-2021 17:00:00,1616432400.0,54083.25,0
230,21-03-2021 17:00:00,1616346000.0,57351.56,0
231,21-03-2021 17:00:00,1616346000.0,57351.56,0
232,20-03-2021 17:00:00,1616259600.0,58102.28,1
233,20-03-2021 17:00:00,1616259600.0,58102.28,1
234,19-03-2021 17:00:00,1616173200.0,58030.01,1
235,19-03-2021 17:00:00,1616173200.0,58030.01,1
236,18-03-2021 17:00:00,1616086800.0,57648.16,0
237,17-03-2021 17:00:00,1616000400.0,58912.97,1
238,16-03-2021 17:00:00,1615914000.0,56900.75,1
239,15-03-2021 17:00:00,1615827600.0,55605.2,0
240,11-03-2021 17:00:00,1615482000.0,57773.16,1
241,10-03-2021 17:00:00,1615395600.0,55851.59,1
242,04-03-2021 17:00:00,1614877200.0,48374.09,0
243,03-03-2021 17:00:00,1614790800.0,50349.37,1
244,02-03-2021 17:00:00,1614704400.0,48440.65,0
245,27-02-2021 17:00:00,1614445200.0,46106.43,0
246,26-02-2021 17:00:00,1614358800.0,46276.87,0
247,10-02-2021 17:00:00,1612976400.0,44807.58,0
248,09-02-2021 17:00:00,1612890000.0,46420.42,1
249,04-02-2021 17:00:00,1612458000.0,36936.66,0
250,03-02-2021 17:00:00,1612371600.0,37618.87,1
251,02-02-2021 17:00:00,1612285200.0,35466.24,1
252,01-02-2021 17:00:00,1612198800.0,33526.37,1
253,31-01-2021 17:00:00,1612112400.0,33092.98,0
254,30-01-2021 17:00:00,1612026000.0,34262.88,1
255,27-01-2021 17:00:00,1611766800.0,30366.15,0
256,26-01-2021 17:00:00,1611680400.0,32467.77,1
257,25-01-2021 17:00:00,1611594000.0,32254.2,0
258,24-01-2021 17:00:00,1611507600.0,32259.9,1
259,23-01-2021 17:00:00,1611421200.0,32078.0,0
260,22-01-2021 17:00:00,1611334800.0,32945.17,1
261,21-01-2021 17:00:00,1611248400.0,30850.13,0
262,19-01-2021 17:00:00,1611075600.0,35891.49,0
263,18-01-2021 17:00:00,1610989200.0,36631.27,1
264,17-01-2021 17:00:00,1610902800.0,35828.61,0
265,16-01-2021 17:00:00,1610816400.0,35994.98,0
266,15-01-2021 17:00:00,1610730000.0,36742.22,0
267,14-01-2021 17:00:00,1610643600.0,39144.5,1
268,13-01-2021 17:00:00,1610557200.0,37371.38,1
269,12-01-2021 17:00:00,1610470800.0,34051.24,0
270,11-01-2021 17:00:00,1610384400.0,35404.47,0
271,10-01-2021 17:00:00,1610298000.0,38150.02,0
272,08-01-2021 17:00:00,1610125200.0,40582.81,1
273,07-01-2021 17:00:00,1610038800.0,39432.28,1
274,06-01-2021 17:00:00,1609952400.0,36769.36,1
275,05-01-2021 17:00:00,1609866000.0,33949.53,1
276,04-01-2021 17:00:00,1609779600.0,31988.71,0
277,03-01-2021 17:00:00,1609693200.0,33000.05,1
278,02-01-2021 17:00:00,1609606800.0,32178.33,1
279,30-12-2020 17:00:00,1609347600.0,28875.54,1
280,29-12-2020 17:00:00,1609261200.0,27385.0,1
281,28-12-2020 17:00:00,1609174800.0,27079.41,1
282,26-12-2020 17:00:00,1609002000.0,26493.39,1
283,20-12-2020 17:00:00,1608483600.0,23455.52,0
284,17-12-2020 17:00:00,1608224400.0,22797.16,1
285,16-12-2020 17:00:00,1608138000.0,21335.52,1
286,15-12-2020 17:00:00,1608051600.0,19426.43,1
287,14-12-2020 17:00:00,1607965200.0,19273.14,1
288,13-12-2020 17:00:00,1607878800.0,19174.99,1
289,10-12-2020 17:00:00,1607619600.0,18254.63,0
290,09-12-2020 17:00:00,1607533200.0,18541.28,1
291,08-12-2020 17:00:00,1607446800.0,18324.11,0
292,07-12-2020 17:00:00,1607360400.0,19166.9,0
293,06-12-2020 17:00:00,1607274000.0,19359.4,1
294,05-12-2020 17:00:00,1607187600.0,19147.66,1
295,03-12-2020 17:00:00,1607014800.0,19421.9,1
296,02-12-2020 17:00:00,1606928400.0,19204.09,1
297,01-12-2020 17:00:00,1606842000.0,18764.96,0
298,30-11-2020 17:00:00,1606755600.0,19695.87,1
299,30-11-2020 17:00:00,1606755600.0,19695.87,1
300,28-11-2020 17:00:00,1606582800.0,17719.85,1
301,27-11-2020 17:00:00,1606496400.0,17139.52,0
302,26-11-2020 17:00:00,1606410000.0,17149.47,0
303,25-11-2020 17:00:00,1606323600.0,18719.11,0
304,24-11-2020 17:00:00,1606237200.0,19160.01,1
305,23-11-2020 17:00:00,1606150800.0,18260.13,0
306,21-11-2020 17:00:00,1605978000.0,18703.8,1
307,20-11-2020 17:00:00,1605891600.0,18655.67,1
308,19-11-2020 17:00:00,1605805200.0,17802.82,1
309,18-11-2020 17:00:00,1605718800.0,17776.12,1
310,18-11-2020 17:00:00,1605718800.0,17776.12,1
311,17-11-2020 17:00:00,1605632400.0,17659.38,1
312,15-11-2020 17:00:00,1605459600.0,15957.0,0
313,11-11-2020 17:00:00,1605114000.0,15684.24,1
314,10-11-2020 17:00:00,1605027600.0,15297.21,0
315,09-11-2020 17:00:00,1604941200.0,15328.41,0
316,08-11-2020 17:00:00,1604854800.0,15475.1,1
317,07-11-2020 17:00:00,1604768400.0,14818.3,0
318,06-11-2020 17:00:00,1604682000.0,15579.92,0
319,04-11-2020 17:00:00,1604509200.0,14144.01,1
320,03-11-2020 17:00:00,1604422800.0,14023.53,1
321,02-11-2020 17:00:00,1604336400.0,13549.37,0
322,01-11-2020 17:00:00,1604250000.0,13761.5,0
323,31-10-2020 17:00:00,1604163600.0,13791.0,1
324,30-10-2020 17:00:00,1604077200.0,13560.1,1
325,28-10-2020 17:00:00,1603904400.0,13266.4,0
326,27-10-2020 17:00:00,1603818000.0,13636.17,1
327,26-10-2020 17:00:00,1603731600.0,13052.19,1
328,25-10-2020 17:00:00,1603645200.0,13028.83,0
329,23-10-2020 17:00:00,1603472400.0,12923.07,0
330,22-10-2020 17:00:00,1603386000.0,12968.52,1
331,21-10-2020 17:00:00,1603299600.0,12780.96,1
332,20-10-2020 17:00:00,1603213200.0,11909.99,1
333,19-10-2020 17:00:00,1603126800.0,11751.47,1
334,18-10-2020 17:00:00,1603040400.0,11503.14,1
335,17-10-2020 17:00:00,1602954000.0,11360.2,1
336,16-10-2020 17:00:00,1602867600.0,11319.32,0
337,14-10-2020 17:00:00,1602694800.0,11417.89,0
338,13-10-2020 17:00:00,1602608400.0,11420.56,0
339,12-10-2020 17:00:00,1602522000.0,11528.25,1
340,11-10-2020 17:00:00,1602435600.0,11369.02,1
341,10-10-2020 17:00:00,1602349200.0,11293.22,1
342,08-10-2020 17:00:00,1602176400.0,10925.57,1
343,07-10-2020 17:00:00,1602090000.0,10666.39,1
344,06-10-2020 17:00:00,1602003600.0,10599.66,0
345,05-10-2020 17:00:00,1601917200.0,10792.21,1
346,04-10-2020 17:00:00,1601830800.0,10666.63,1
347,03-10-2020 17:00:00,1601744400.0,10542.06,0
348,02-10-2020 17:00:00,1601658000.0,10570.4,0
349,01-10-2020 17:00:00,1601571600.0,10619.13,0
350,29-09-2020 17:00:00,1601398800.0,10840.48,1
351,28-09-2020 17:00:00,1601312400.0,10696.12,0
352,27-09-2020 17:00:00,1601226000.0,10774.25,1
353,24-09-2020 17:00:00,1600966800.0,10736.32,1
354,22-09-2020 17:00:00,1600794000.0,10529.61,1
355,21-09-2020 17:00:00,1600707600.0,10417.22,0
356,20-09-2020 17:00:00,1600621200.0,10920.28,0
357,15-09-2020 17:00:00,1600189200.0,10785.31,1
358,14-09-2020 17:00:00,1600102800.0,10671.77,1
359,13-09-2020 17:00:00,1600016400.0,10332.83,0
360,08-09-2020 17:00:00,1599584400.0,10126.65,0
361,07-09-2020 17:00:00,1599498000.0,10373.44,1
362,06-09-2020 17:00:00,1599411600.0,10256.2,1
363,04-09-2020 17:00:00,1599238800.0,10446.25,1
364,03-09-2020 17:00:00,1599152400.0,10140.85,0
365,02-09-2020 17:00:00,1599066000.0,11388.54,0
366,01-09-2020 17:00:00,1598979600.0,11921.97,1
367,31-08-2020 17:00:00,1598893200.0,11649.51,0
368,30-08-2020 17:00:00,1598806800.0,11711.16,1
369,28-08-2020 17:00:00,1598634000.0,11526.91,1
370,27-08-2020 17:00:00,1598547600.0,11330.38,0
371,26-08-2020 17:00:00,1598461200.0,11461.43,1
372,25-08-2020 17:00:00,1598374800.0,11318.42,0
373,24-08-2020 17:00:00,1598288400.0,11748.2,1
374,23-08-2020 17:00:00,1598202000.0,11648.13,0
375,22-08-2020 17:00:00,1598115600.0,11662.96,1
376,20-08-2020 17:00:00,1597942800.0,11853.55,1
377,19-08-2020 17:00:00,1597856400.0,11754.59,0
378,18-08-2020 17:00:00,1597770000.0,11945.01,0
379,17-08-2020 17:00:00,1597683600.0,12281.13,1
380,16-08-2020 17:00:00,1597597200.0,11911.0,1
381,15-08-2020 17:00:00,1597510800.0,11852.4,1
382,13-08-2020 17:00:00,1597338000.0,11780.0,1
383,12-08-2020 17:00:00,1597251600.0,11564.33,1
384,11-08-2020 17:00:00,1597165200.0,11392.08,0
385,10-08-2020 17:00:00,1597078800.0,11892.92,1
386,08-08-2020 17:00:00,1596906000.0,11761.41,1
387,07-08-2020 17:00:00,1596819600.0,11594.23,0
388,06-08-2020 17:00:00,1596733200.0,11762.46,1
389,05-08-2020 17:00:00,1596646800.0,11744.91,1
390,04-08-2020 17:00:00,1596560400.0,11191.97,0
391,03-08-2020 17:00:00,1596474000.0,11219.81,1
392,02-08-2020 17:00:00,1596387600.0,11071.35,0
393,01-08-2020 17:00:00,1596301200.0,11801.17,1
394,31-07-2020 17:00:00,1596214800.0,11335.46,1
395,29-07-2020 17:00:00,1596042000.0,11100.53,1
396,28-07-2020 17:00:00,1595955600.0,10906.27,0
397,27-07-2020 17:00:00,1595869200.0,11029.96,1
398,26-07-2020 17:00:00,1595782800.0,9931.54,1
399,25-07-2020 17:00:00,1595696400.0,9700.42,1
400,24-07-2020 17:00:00,1595610000.0,9537.8,0
401,23-07-2020 17:00:00,1595523600.0,9603.27,1
402,22-07-2020 17:00:00,1595437200.0,9518.16,1
403,21-07-2020 17:00:00,1595350800.0,9390.0,1
404,20-07-2020 17:00:00,1595264400.0,9160.78,0
405,19-07-2020 17:00:00,1595178000.0,9208.99,1
406,18-07-2020 17:00:00,1595091600.0,9164.82,1
407,16-07-2020 17:00:00,1594918800.0,9133.72,0
408,15-07-2020 17:00:00,1594832400.0,9197.6,0
409,14-07-2020 17:00:00,1594746000.0,9255.85,1
410,13-07-2020 17:00:00,1594659600.0,9242.62,0
411,12-07-2020 17:00:00,1594573200.0,9302.75,1
412,11-07-2020 17:00:00,1594486800.0,9234.03,0
413,10-07-2020 17:00:00,1594400400.0,9288.34,1
414,09-07-2020 17:00:00,1594314000.0,9232.43,0
415,08-07-2020 17:00:00,1594227600.0,9436.06,1
416,07-07-2020 17:00:00,1594141200.0,9257.39,0
417,06-07-2020 17:00:00,1594054800.0,9344.2,1
418,05-07-2020 17:00:00,1593968400.0,9069.41,0
419,04-07-2020 17:00:00,1593882000.0,9135.46,1
420,03-07-2020 17:00:00,1593795600.0,9058.26,0
421,02-07-2020 17:00:00,1593709200.0,9086.54,0
422,01-07-2020 17:00:00,1593622800.0,9232.0,1
423,30-06-2020 17:00:00,1593536400.0,9138.55,0
424,29-06-2020 17:00:00,1593450000.0,9192.56,1
425,28-06-2020 17:00:00,1593363600.0,8989.01,0
426,26-06-2020 17:00:00,1593190800.0,9162.21,0
427,25-06-2020 17:00:00,1593104400.0,9249.49,0
428,24-06-2020 17:00:00,1593018000.0,9296.49,0
429,23-06-2020 17:00:00,1592931600.0,9624.89,0
430,22-06-2020 17:00:00,1592845200.0,9685.69,1
431,21-06-2020 17:00:00,1592758800.0,9294.69,0
432,20-06-2020 17:00:00,1592672400.0,9358.95,1
433,19-06-2020 17:00:00,1592586000.0,9310.23,0
434,18-06-2020 17:00:00,1592499600.0,9386.32,0
435,17-06-2020 17:00:00,1592413200.0,9465.14,0
436,16-06-2020 17:00:00,1592326800.0,9525.59,1
437,15-06-2020 17:00:00,1592240400.0,9426.02,1
438,14-06-2020 17:00:00,1592154000.0,9342.1,0
439,13-06-2020 17:00:00,1592067600.0,9473.34,1
440,12-06-2020 17:00:00,1591981200.0,9465.13,1
441,11-06-2020 17:00:00,1591894800.0,9280.4,0
442,10-06-2020 17:00:00,1591808400.0,9885.0,1
443,09-06-2020 17:00:00,1591722000.0,9772.43,0
444,08-06-2020 17:00:00,1591635600.0,9782.01,1
445,07-06-2020 17:00:00,1591549200.0,9746.99,1
446,06-06-2020 17:00:00,1591462800.0,9666.3,1
447,05-06-2020 17:00:00,1591376400.0,9621.16,0
448,04-06-2020 17:00:00,1591290000.0,9789.06,1
449,03-06-2020 17:00:00,1591203600.0,9666.24,1
450,02-06-2020 17:00:00,1591117200.0,9518.04,0
451,01-06-2020 17:00:00,1591030800.0,10200.77,1
452,31-05-2020 17:00:00,1590944400.0,9448.27,0
453,30-05-2020 17:00:00,1590858000.0,9697.72,1
454,29-05-2020 17:00:00,1590771600.0,9427.07,0
455,28-05-2020 17:00:00,1590685200.0,9575.89,1
456,27-05-2020 17:00:00,1590598800.0,9204.07,1
457,26-05-2020 17:00:00,1590512400.0,8841.18,0
458,25-05-2020 17:00:00,1590426000.0,8900.35,1
459,24-05-2020 17:00:00,1590339600.0,8720.34,0
460,23-05-2020 17:00:00,1590253200.0,9179.15,1
461,22-05-2020 17:00:00,1590166800.0,9170.0,1
462,21-05-2020 17:00:00,1590080400.0,9068.65,0
463,20-05-2020 17:00:00,1589994000.0,9511.43,0
464,19-05-2020 17:00:00,1589907600.0,9775.53,1
465,18-05-2020 17:00:00,1589821200.0,9733.93,1
466,17-05-2020 17:00:00,1589734800.0,9680.04,1
467,16-05-2020 17:00:00,1589648400.0,9381.27,1
468,15-05-2020 17:00:00,1589562000.0,9316.42,0
469,14-05-2020 17:00:00,1589475600.0,9791.98,1
470,13-05-2020 17:00:00,1589389200.0,9309.37,1
471,12-05-2020 17:00:00,1589302800.0,8810.79,1
472,11-05-2020 17:00:00,1589216400.0,8561.52,0
473,10-05-2020 17:00:00,1589130000.0,8722.77,0
474,09-05-2020 17:00:00,1589043600.0,9539.4,0
475,08-05-2020 17:00:00,1588957200.0,9800.01,0
476,07-05-2020 17:00:00,1588870800.0,9986.4,1
477,06-05-2020 17:00:00,1588784400.0,9142.92,1
478,05-05-2020 17:00:00,1588698000.0,9021.83,1
479,04-05-2020 17:00:00,1588611600.0,8871.96,0
480,03-05-2020 17:00:00,1588525200.0,8894.16,0
481,02-05-2020 17:00:00,1588438800.0,8972.05,1
482,01-05-2020 17:00:00,1588352400.0,8826.96,1
483,30-04-2020 17:00:00,1588266000.0,8620.0,0
484,29-04-2020 17:00:00,1588179600.0,8778.57,1
485,28-04-2020 17:00:00,1588093200.0,7738.98,0
486,27-04-2020 17:00:00,1588006800.0,7774.62,1
487,26-04-2020 17:00:00,1587920400.0,7693.1,1
488,25-04-2020 17:00:00,1587834000.0,7538.67,1
489,24-04-2020 17:00:00,1587747600.0,7505.0,1
490,23-04-2020 17:00:00,1587661200.0,7482.39,1
491,22-04-2020 17:00:00,1587574800.0,7125.14,1
492,21-04-2020 17:00:00,1587488400.0,6841.37,1
493,20-04-2020 17:00:00,1587402000.0,6826.83,0
494,19-04-2020 17:00:00,1587315600.0,7120.74,0
495,18-04-2020 17:00:00,1587229200.0,7248.6,1
496,17-04-2020 17:00:00,1587142800.0,7027.55,0
497,16-04-2020 17:00:00,1587056400.0,7101.94,1
498,15-04-2020 17:00:00,1586970000.0,6621.24,0
499,14-04-2020 17:00:00,1586883600.0,6868.7,1
500,11-04-2020 17:00:00,1586624400.0,6876.83,1
501,07-04-2020 17:00:00,1586278800.0,7197.32,0
502,06-04-2020 17:00:00,1586192400.0,7329.9,1
503,05-04-2020 17:00:00,1586106000.0,6772.78,0
504,04-04-2020 17:00:00,1586019600.0,6856.99,1
505,03-04-2020 17:00:00,1585933200.0,6734.1,0
506,02-04-2020 17:00:00,1585846800.0,6794.09,1
507,01-04-2020 17:00:00,1585760400.0,6642.92,1
508,31-03-2020 17:00:00,1585674000.0,6410.44,1
509,26-03-2020 04:01:05,1585195265.0,6677.43,0
510,23-03-2020 17:00:00,1584982800.0,6467.31,1
511,22-03-2020 17:00:00,1584896400.0,5816.19,0
512,20-03-2020 17:00:00,1584723600.0,6208.36,1
513,18-03-2020 17:00:00,1584550800.0,5393.04,1
514,16-03-2020 17:00:00,1584378000.0,5028.97,0
515,14-03-2020 17:00:00,1584205200.0,5172.06,0
516,12-03-2020 17:00:00,1584032400.0,4800.0,0
517,10-03-2020 17:00:00,1583859600.0,7894.56,0
518,09-03-2020 17:00:00,1583773200.0,7879.31,0
519,08-03-2020 17:00:00,1583686800.0,8166.89,0
520,07-03-2020 17:00:00,1583600400.0,8886.66,0
521,06-03-2020 17:00:00,1583514000.0,9131.88,1
522,04-03-2020 17:00:00,1583341200.0,8750.87,0
523,03-03-2020 17:00:00,1583254800.0,8760.07,0
524,02-03-2020 17:00:00,1583168400.0,8915.24,1
525,01-03-2020 17:00:00,1583082000.0,8531.88,1
526,29-02-2020 17:00:00,1582995600.0,8523.61,0
527,28-02-2020 17:00:00,1582909200.0,8692.91,0
528,27-02-2020 17:00:00,1582822800.0,8823.21,1
529,26-02-2020 17:00:00,1582736400.0,8785.25,0
530,25-02-2020 17:00:00,1582650000.0,9315.84,0
531,24-02-2020 17:00:00,1582563600.0,9656.13,0
532,23-02-2020 17:00:00,1582477200.0,9936.4,1
533,22-02-2020 17:00:00,1582390800.0,9650.86,0
534,21-02-2020 17:00:00,1582304400.0,9677.05,1
535,20-02-2020 17:00:00,1582218000.0,9596.42,1
536,19-02-2020 17:00:00,1582131600.0,9593.79,0
537,18-02-2020 17:00:00,1582045200.0,10164.71,1
538,17-02-2020 17:00:00,1581958800.0,9706.0,0
539,16-02-2020 17:00:00,1581872400.0,9917.27,1
540,15-02-2020 17:00:00,1581786000.0,9904.72,0
541,14-02-2020 17:00:00,1581699600.0,10344.36,1
542,13-02-2020 17:00:00,1581613200.0,10229.63,0
543,12-02-2020 17:00:00,1581526800.0,10326.46,1
544,11-02-2020 17:00:00,1581440400.0,10223.08,1
545,10-02-2020 17:00:00,1581354000.0,9851.83,0
546,09-02-2020 17:00:00,1581267600.0,10151.75,1
547,08-02-2020 17:00:00,1581181200.0,9895.05,1
548,07-02-2020 17:00:00,1581094800.0,9813.73,1
549,06-02-2020 17:00:00,1581008400.0,9772.0,1
550,05-02-2020 17:00:00,1580922000.0,9612.04,1
551,04-02-2020 17:00:00,1580835600.0,9197.02,0
552,03-02-2020 17:00:00,1580749200.0,9292.24,0
553,02-02-2020 17:00:00,1580662800.0,9331.51,0
554,01-02-2020 17:00:00,1580576400.0,9384.61,1
555,31-01-2020 17:00:00,1580490000.0,9352.89,0
556,30-01-2020 17:00:00,1580403600.0,9513.21,1
557,29-01-2020 17:00:00,1580317200.0,9301.53,0
558,28-01-2020 17:00:00,1580230800.0,9374.21,1
559,27-01-2020 17:00:00,1580144400.0,8907.57,1
560,26-01-2020 17:00:00,1580058000.0,8615.0,1
561,25-01-2020 17:00:00,1579971600.0,8340.58,0
562,24-01-2020 17:00:00,1579885200.0,8439.0,1
563,23-01-2020 17:00:00,1579798800.0,8404.52,0
564,22-01-2020 17:00:00,1579712400.0,8682.36,0
565,21-01-2020 17:00:00,1579626000.0,8736.03,1
566,20-01-2020 17:00:00,1579539600.0,8642.35,0
567,19-01-2020 17:00:00,1579453200.0,8701.7,0
568,18-01-2020 17:00:00,1579366800.0,8915.96,1
569,17-01-2020 17:00:00,1579280400.0,8913.28,1
570,16-01-2020 17:00:00,1579194000.0,8720.01,0
571,15-01-2020 17:00:00,1579107600.0,8821.41,1
572,14-01-2020 17:00:00,1579021200.0,8810.01,1
573,13-01-2020 17:00:00,1578934800.0,8110.34,0
574,12-01-2020 17:00:00,1578848400.0,8184.98,1
575,11-01-2020 17:00:00,1578762000.0,8020.01,0
576,10-01-2020 17:00:00,1578675600.0,8197.02,1
577,09-01-2020 17:00:00,1578589200.0,7817.76,0
578,08-01-2020 17:00:00,1578502800.0,8055.98,0
579,07-01-2020 17:00:00,1578416400.0,8145.28,1
580,06-01-2020 17:00:00,1578330000.0,7758.0,1
581,05-01-2020 17:00:00,1578243600.0,7358.75,1
582,04-01-2020 17:00:00,1578157200.0,7354.11,1
583,03-01-2020 17:00:00,1578070800.0,7344.96,1
584,02-01-2020 17:00:00,1577984400.0,6965.71,0
585,01-01-2020 17:00:00,1577898000.0,7200.85,1
